{
	"credit": "Made with Blockbench",
	"textures": {
		"2": "item/AR-ammo"
	},
	"elements": [
		{
			"name": "AR-ammo_0",
			"from": [10, 13.5, 7],
			"to": [11, 14.5, 7.5],
			"faces": {
				"north": {"uv": [11, 1.5, 10, 2.5], "texture": "#2"},
				"east": {"uv": [10.5, 1.5, 11, 2.5], "texture": "#2"},
				"south": {"uv": [10, 1.5, 11, 2.5], "texture": "#2"},
				"west": {"uv": [10, 1.5, 10.5, 2.5], "texture": "#2"},
				"up": {"uv": [10, 1.5, 11, 2], "texture": "#2"},
				"down": {"uv": [10, 2, 11, 2.5], "texture": "#2"}
			}
		},
		{
			"name": "AR-ammo_1",
			"from": [9, 12, 7],
			"to": [10, 14, 7.5],
			"faces": {
				"north": {"uv": [10, 2, 9, 4], "texture": "#2"},
				"east": {"uv": [9.5, 2, 10, 4], "texture": "#2"},
				"south": {"uv": [9, 2, 10, 4], "texture": "#2"},
				"west": {"uv": [9, 2, 9.5, 4], "texture": "#2"},
				"up": {"uv": [9, 2, 10, 2.5], "texture": "#2"},
				"down": {"uv": [9, 3.5, 10, 4], "texture": "#2"}
			}
		},
		{
			"name": "AR-ammo_2",
			"from": [8.5, 11, 7],
			"to": [9, 13.5, 7.5],
			"faces": {
				"north": {"uv": [9, 2.5, 8.5, 5], "texture": "#2"},
				"east": {"uv": [8.5, 2.5, 9, 5], "texture": "#2"},
				"south": {"uv": [8.5, 2.5, 9, 5], "texture": "#2"},
				"west": {"uv": [8.5, 2.5, 9, 5], "texture": "#2"},
				"up": {"uv": [8.5, 2.5, 9, 3], "texture": "#2"},
				"down": {"uv": [8.5, 4.5, 9, 5], "texture": "#2"}
			}
		},
		{
			"name": "AR-ammo_3",
			"from": [10, 12.5, 7],
			"to": [10.5, 13.5, 7.5],
			"faces": {
				"north": {"uv": [10.5, 2.5, 10, 3.5], "texture": "#2"},
				"east": {"uv": [10, 2.5, 10.5, 3.5], "texture": "#2"},
				"south": {"uv": [10, 2.5, 10.5, 3.5], "texture": "#2"},
				"west": {"uv": [10, 2.5, 10.5, 3.5], "texture": "#2"},
				"up": {"uv": [10, 2.5, 10.5, 3], "texture": "#2"},
				"down": {"uv": [10, 3, 10.5, 3.5], "texture": "#2"}
			}
		},
		{
			"name": "AR-ammo_4",
			"from": [8, 10.5, 7],
			"to": [8.5, 13, 7.5],
			"faces": {
				"north": {"uv": [8.5, 3, 8, 5.5], "texture": "#2"},
				"east": {"uv": [8, 3, 8.5, 5.5], "texture": "#2"},
				"south": {"uv": [8, 3, 8.5, 5.5], "texture": "#2"},
				"west": {"uv": [8, 3, 8.5, 5.5], "texture": "#2"},
				"up": {"uv": [8, 3, 8.5, 3.5], "texture": "#2"},
				"down": {"uv": [8, 5, 8.5, 5.5], "texture": "#2"}
			}
		},
		{
			"name": "AR-ammo_5",
			"from": [12, 12, 7],
			"to": [13, 13, 7.5],
			"faces": {
				"north": {"uv": [13, 3, 12, 4], "texture": "#2"},
				"east": {"uv": [12.5, 3, 13, 4], "texture": "#2"},
				"south": {"uv": [12, 3, 13, 4], "texture": "#2"},
				"west": {"uv": [12, 3, 12.5, 4], "texture": "#2"},
				"up": {"uv": [12, 3, 13, 3.5], "texture": "#2"},
				"down": {"uv": [12, 3.5, 13, 4], "texture": "#2"}
			}
		},
		{
			"name": "AR-ammo_6",
			"from": [7.5, 10, 7],
			"to": [8, 12.5, 7.5],
			"faces": {
				"north": {"uv": [8, 3.5, 7.5, 6], "texture": "#2"},
				"east": {"uv": [7.5, 3.5, 8, 6], "texture": "#2"},
				"south": {"uv": [7.5, 3.5, 8, 6], "texture": "#2"},
				"west": {"uv": [7.5, 3.5, 8, 6], "texture": "#2"},
				"up": {"uv": [7.5, 3.5, 8, 4], "texture": "#2"},
				"down": {"uv": [7.5, 5.5, 8, 6], "texture": "#2"}
			}
		},
		{
			"name": "AR-ammo_7",
			"from": [11, 10.5, 7],
			"to": [12, 12.5, 7.5],
			"faces": {
				"north": {"uv": [12, 3.5, 11, 5.5], "texture": "#2"},
				"east": {"uv": [11.5, 3.5, 12, 5.5], "texture": "#2"},
				"south": {"uv": [11, 3.5, 12, 5.5], "texture": "#2"},
				"west": {"uv": [11, 3.5, 11.5, 5.5], "texture": "#2"},
				"up": {"uv": [11, 3.5, 12, 4], "texture": "#2"},
				"down": {"uv": [11, 5, 12, 5.5], "texture": "#2"}
			}
		},
		{
			"name": "AR-ammo_8",
			"from": [7, 2, 7],
			"to": [7.5, 12, 7.5],
			"faces": {
				"north": {"uv": [7.5, 4, 7, 14], "texture": "#2"},
				"east": {"uv": [7, 4, 7.5, 14], "texture": "#2"},
				"south": {"uv": [7, 4, 7.5, 14], "texture": "#2"},
				"west": {"uv": [7, 4, 7.5, 14], "texture": "#2"},
				"up": {"uv": [7, 4, 7.5, 4.5], "texture": "#2"},
				"down": {"uv": [7, 13.5, 7.5, 14], "texture": "#2"}
			}
		},
		{
			"name": "AR-ammo_9",
			"from": [9, 11.5, 7],
			"to": [9.5, 12, 7.5],
			"faces": {
				"north": {"uv": [9.5, 4, 9, 4.5], "texture": "#2"},
				"east": {"uv": [9, 4, 9.5, 4.5], "texture": "#2"},
				"south": {"uv": [9, 4, 9.5, 4.5], "texture": "#2"},
				"west": {"uv": [9, 4, 9.5, 4.5], "texture": "#2"},
				"up": {"uv": [9, 4, 9.5, 4.5], "texture": "#2"},
				"down": {"uv": [9, 4, 9.5, 4.5], "texture": "#2"}
			}
		},
		{
			"name": "AR-ammo_10",
			"from": [10.5, 9.5, 7],
			"to": [11, 12, 7.5],
			"faces": {
				"north": {"uv": [11, 4, 10.5, 6.5], "texture": "#2"},
				"east": {"uv": [10.5, 4, 11, 6.5], "texture": "#2"},
				"south": {"uv": [10.5, 4, 11, 6.5], "texture": "#2"},
				"west": {"uv": [10.5, 4, 11, 6.5], "texture": "#2"},
				"up": {"uv": [10.5, 4, 11, 4.5], "texture": "#2"},
				"down": {"uv": [10.5, 6, 11, 6.5], "texture": "#2"}
			}
		},
		{
			"name": "AR-ammo_11",
			"from": [12, 11, 7],
			"to": [12.5, 12, 7.5],
			"faces": {
				"north": {"uv": [12.5, 4, 12, 5], "texture": "#2"},
				"east": {"uv": [12, 4, 12.5, 5], "texture": "#2"},
				"south": {"uv": [12, 4, 12.5, 5], "texture": "#2"},
				"west": {"uv": [12, 4, 12.5, 5], "texture": "#2"},
				"up": {"uv": [12, 4, 12.5, 4.5], "texture": "#2"},
				"down": {"uv": [12, 4.5, 12.5, 5], "texture": "#2"}
			}
		},
		{
			"name": "AR-ammo_12",
			"from": [6.5, 1.5, 7],
			"to": [7, 11.5, 7.5],
			"faces": {
				"north": {"uv": [7, 4.5, 6.5, 14.5], "texture": "#2"},
				"east": {"uv": [6.5, 4.5, 7, 14.5], "texture": "#2"},
				"south": {"uv": [6.5, 4.5, 7, 14.5], "texture": "#2"},
				"west": {"uv": [6.5, 4.5, 7, 14.5], "texture": "#2"},
				"up": {"uv": [6.5, 4.5, 7, 5], "texture": "#2"},
				"down": {"uv": [6.5, 14, 7, 14.5], "texture": "#2"}
			}
		},
		{
			"name": "AR-ammo_13",
			"from": [10, 9, 7],
			"to": [10.5, 11.5, 7.5],
			"faces": {
				"north": {"uv": [10.5, 4.5, 10, 7], "texture": "#2"},
				"east": {"uv": [10, 4.5, 10.5, 7], "texture": "#2"},
				"south": {"uv": [10, 4.5, 10.5, 7], "texture": "#2"},
				"west": {"uv": [10, 4.5, 10.5, 7], "texture": "#2"},
				"up": {"uv": [10, 4.5, 10.5, 5], "texture": "#2"},
				"down": {"uv": [10, 6.5, 10.5, 7], "texture": "#2"}
			}
		},
		{
			"name": "AR-ammo_14",
			"from": [5.5, 1, 7],
			"to": [6.5, 11, 7.5],
			"faces": {
				"north": {"uv": [6.5, 5, 5.5, 15], "texture": "#2"},
				"east": {"uv": [6, 5, 6.5, 15], "texture": "#2"},
				"south": {"uv": [5.5, 5, 6.5, 15], "texture": "#2"},
				"west": {"uv": [5.5, 5, 6, 15], "texture": "#2"},
				"up": {"uv": [5.5, 5, 6.5, 5.5], "texture": "#2"},
				"down": {"uv": [5.5, 14.5, 6.5, 15], "texture": "#2"}
			}
		},
		{
			"name": "AR-ammo_15",
			"from": [9.5, 8.5, 7],
			"to": [10, 11, 7.5],
			"faces": {
				"north": {"uv": [10, 5, 9.5, 7.5], "texture": "#2"},
				"east": {"uv": [9.5, 5, 10, 7.5], "texture": "#2"},
				"south": {"uv": [9.5, 5, 10, 7.5], "texture": "#2"},
				"west": {"uv": [9.5, 5, 10, 7.5], "texture": "#2"},
				"up": {"uv": [9.5, 5, 10, 5.5], "texture": "#2"},
				"down": {"uv": [9.5, 7, 10, 7.5], "texture": "#2"}
			}
		},
		{
			"name": "AR-ammo_16",
			"from": [13.5, 10, 7],
			"to": [14.5, 11, 7.5],
			"faces": {
				"north": {"uv": [14.5, 5, 13.5, 6], "texture": "#2"},
				"east": {"uv": [14, 5, 14.5, 6], "texture": "#2"},
				"south": {"uv": [13.5, 5, 14.5, 6], "texture": "#2"},
				"west": {"uv": [13.5, 5, 14, 6], "texture": "#2"},
				"up": {"uv": [13.5, 5, 14.5, 5.5], "texture": "#2"},
				"down": {"uv": [13.5, 5.5, 14.5, 6], "texture": "#2"}
			}
		},
		{
			"name": "AR-ammo_17",
			"from": [5, 1.5, 7],
			"to": [5.5, 10.5, 7.5],
			"faces": {
				"north": {"uv": [5.5, 5.5, 5, 14.5], "texture": "#2"},
				"east": {"uv": [5, 5.5, 5.5, 14.5], "texture": "#2"},
				"south": {"uv": [5, 5.5, 5.5, 14.5], "texture": "#2"},
				"west": {"uv": [5, 5.5, 5.5, 14.5], "texture": "#2"},
				"up": {"uv": [5, 5.5, 5.5, 6], "texture": "#2"},
				"down": {"uv": [5, 14, 5.5, 14.5], "texture": "#2"}
			}
		},
		{
			"name": "AR-ammo_18",
			"from": [9, 4, 7],
			"to": [9.5, 10.5, 7.5],
			"faces": {
				"north": {"uv": [9.5, 5.5, 9, 12], "texture": "#2"},
				"east": {"uv": [9, 5.5, 9.5, 12], "texture": "#2"},
				"south": {"uv": [9, 5.5, 9.5, 12], "texture": "#2"},
				"west": {"uv": [9, 5.5, 9.5, 12], "texture": "#2"},
				"up": {"uv": [9, 5.5, 9.5, 6], "texture": "#2"},
				"down": {"uv": [9, 11.5, 9.5, 12], "texture": "#2"}
			}
		},
		{
			"name": "AR-ammo_19",
			"from": [11, 10, 7],
			"to": [11.5, 10.5, 7.5],
			"faces": {
				"north": {"uv": [11.5, 5.5, 11, 6], "texture": "#2"},
				"east": {"uv": [11, 5.5, 11.5, 6], "texture": "#2"},
				"south": {"uv": [11, 5.5, 11.5, 6], "texture": "#2"},
				"west": {"uv": [11, 5.5, 11.5, 6], "texture": "#2"},
				"up": {"uv": [11, 5.5, 11.5, 6], "texture": "#2"},
				"down": {"uv": [11, 5.5, 11.5, 6], "texture": "#2"}
			}
		},
		{
			"name": "AR-ammo_20",
			"from": [12.5, 8.5, 7],
			"to": [13.5, 10.5, 7.5],
			"faces": {
				"north": {"uv": [13.5, 5.5, 12.5, 7.5], "texture": "#2"},
				"east": {"uv": [13, 5.5, 13.5, 7.5], "texture": "#2"},
				"south": {"uv": [12.5, 5.5, 13.5, 7.5], "texture": "#2"},
				"west": {"uv": [12.5, 5.5, 13, 7.5], "texture": "#2"},
				"up": {"uv": [12.5, 5.5, 13.5, 6], "texture": "#2"},
				"down": {"uv": [12.5, 7, 13.5, 7.5], "texture": "#2"}
			}
		},
		{
			"name": "AR-ammo_21",
			"from": [4.5, 2, 7],
			"to": [5, 10, 7.5],
			"faces": {
				"north": {"uv": [5, 6, 4.5, 14], "texture": "#2"},
				"east": {"uv": [4.5, 6, 5, 14], "texture": "#2"},
				"south": {"uv": [4.5, 6, 5, 14], "texture": "#2"},
				"west": {"uv": [4.5, 6, 5, 14], "texture": "#2"},
				"up": {"uv": [4.5, 6, 5, 6.5], "texture": "#2"},
				"down": {"uv": [4.5, 13.5, 5, 14], "texture": "#2"}
			}
		},
		{
			"name": "AR-ammo_22",
			"from": [8.5, 3.5, 7],
			"to": [9, 10, 7.5],
			"faces": {
				"north": {"uv": [9, 6, 8.5, 12.5], "texture": "#2"},
				"east": {"uv": [8.5, 6, 9, 12.5], "texture": "#2"},
				"south": {"uv": [8.5, 6, 9, 12.5], "texture": "#2"},
				"west": {"uv": [8.5, 6, 9, 12.5], "texture": "#2"},
				"up": {"uv": [8.5, 6, 9, 6.5], "texture": "#2"},
				"down": {"uv": [8.5, 12, 9, 12.5], "texture": "#2"}
			}
		},
		{
			"name": "AR-ammo_23",
			"from": [12, 7.5, 7],
			"to": [12.5, 10, 7.5],
			"faces": {
				"north": {"uv": [12.5, 6, 12, 8.5], "texture": "#2"},
				"east": {"uv": [12, 6, 12.5, 8.5], "texture": "#2"},
				"south": {"uv": [12, 6, 12.5, 8.5], "texture": "#2"},
				"west": {"uv": [12, 6, 12.5, 8.5], "texture": "#2"},
				"up": {"uv": [12, 6, 12.5, 6.5], "texture": "#2"},
				"down": {"uv": [12, 8, 12.5, 8.5], "texture": "#2"}
			}
		},
		{
			"name": "AR-ammo_24",
			"from": [13.5, 9, 7],
			"to": [14, 10, 7.5],
			"faces": {
				"north": {"uv": [14, 6, 13.5, 7], "texture": "#2"},
				"east": {"uv": [13.5, 6, 14, 7], "texture": "#2"},
				"south": {"uv": [13.5, 6, 14, 7], "texture": "#2"},
				"west": {"uv": [13.5, 6, 14, 7], "texture": "#2"},
				"up": {"uv": [13.5, 6, 14, 6.5], "texture": "#2"},
				"down": {"uv": [13.5, 6.5, 14, 7], "texture": "#2"}
			}
		},
		{
			"name": "AR-ammo_25",
			"from": [4, 3, 7],
			"to": [4.5, 9.5, 7.5],
			"faces": {
				"north": {"uv": [4.5, 6.5, 4, 13], "texture": "#2"},
				"east": {"uv": [4, 6.5, 4.5, 13], "texture": "#2"},
				"south": {"uv": [4, 6.5, 4.5, 13], "texture": "#2"},
				"west": {"uv": [4, 6.5, 4.5, 13], "texture": "#2"},
				"up": {"uv": [4, 6.5, 4.5, 7], "texture": "#2"},
				"down": {"uv": [4, 12.5, 4.5, 13], "texture": "#2"}
			}
		},
		{
			"name": "AR-ammo_26",
			"from": [7.5, 3, 7],
			"to": [8.5, 9.5, 7.5],
			"faces": {
				"north": {"uv": [8.5, 6.5, 7.5, 13], "texture": "#2"},
				"east": {"uv": [8, 6.5, 8.5, 13], "texture": "#2"},
				"south": {"uv": [7.5, 6.5, 8.5, 13], "texture": "#2"},
				"west": {"uv": [7.5, 6.5, 8, 13], "texture": "#2"},
				"up": {"uv": [7.5, 6.5, 8.5, 7], "texture": "#2"},
				"down": {"uv": [7.5, 12.5, 8.5, 13], "texture": "#2"}
			}
		},
		{
			"name": "AR-ammo_27",
			"from": [11.5, 7, 7],
			"to": [12, 9.5, 7.5],
			"faces": {
				"north": {"uv": [12, 6.5, 11.5, 9], "texture": "#2"},
				"east": {"uv": [11.5, 6.5, 12, 9], "texture": "#2"},
				"south": {"uv": [11.5, 6.5, 12, 9], "texture": "#2"},
				"west": {"uv": [11.5, 6.5, 12, 9], "texture": "#2"},
				"up": {"uv": [11.5, 6.5, 12, 7], "texture": "#2"},
				"down": {"uv": [11.5, 8.5, 12, 9], "texture": "#2"}
			}
		},
		{
			"name": "AR-ammo_28",
			"from": [3.5, 3.5, 7],
			"to": [4, 9, 7.5],
			"faces": {
				"north": {"uv": [4, 7, 3.5, 12.5], "texture": "#2"},
				"east": {"uv": [3.5, 7, 4, 12.5], "texture": "#2"},
				"south": {"uv": [3.5, 7, 4, 12.5], "texture": "#2"},
				"west": {"uv": [3.5, 7, 4, 12.5], "texture": "#2"},
				"up": {"uv": [3.5, 7, 4, 7.5], "texture": "#2"},
				"down": {"uv": [3.5, 12, 4, 12.5], "texture": "#2"}
			}
		},
		{
			"name": "AR-ammo_29",
			"from": [11, 6.5, 7],
			"to": [11.5, 9, 7.5],
			"faces": {
				"north": {"uv": [11.5, 7, 11, 9.5], "texture": "#2"},
				"east": {"uv": [11, 7, 11.5, 9.5], "texture": "#2"},
				"south": {"uv": [11, 7, 11.5, 9.5], "texture": "#2"},
				"west": {"uv": [11, 7, 11.5, 9.5], "texture": "#2"},
				"up": {"uv": [11, 7, 11.5, 7.5], "texture": "#2"},
				"down": {"uv": [11, 9, 11.5, 9.5], "texture": "#2"}
			}
		},
		{
			"name": "AR-ammo_30",
			"from": [3, 4, 7],
			"to": [3.5, 8.5, 7.5],
			"faces": {
				"north": {"uv": [3.5, 7.5, 3, 12], "texture": "#2"},
				"east": {"uv": [3, 7.5, 3.5, 12], "texture": "#2"},
				"south": {"uv": [3, 7.5, 3.5, 12], "texture": "#2"},
				"west": {"uv": [3, 7.5, 3.5, 12], "texture": "#2"},
				"up": {"uv": [3, 7.5, 3.5, 8], "texture": "#2"},
				"down": {"uv": [3, 11.5, 3.5, 12], "texture": "#2"}
			}
		},
		{
			"name": "AR-ammo_31",
			"from": [10.5, 5.5, 7],
			"to": [11, 8.5, 7.5],
			"faces": {
				"north": {"uv": [11, 7.5, 10.5, 10.5], "texture": "#2"},
				"east": {"uv": [10.5, 7.5, 11, 10.5], "texture": "#2"},
				"south": {"uv": [10.5, 7.5, 11, 10.5], "texture": "#2"},
				"west": {"uv": [10.5, 7.5, 11, 10.5], "texture": "#2"},
				"up": {"uv": [10.5, 7.5, 11, 8], "texture": "#2"},
				"down": {"uv": [10.5, 10, 11, 10.5], "texture": "#2"}
			}
		},
		{
			"name": "AR-ammo_32",
			"from": [12.5, 8, 7],
			"to": [13, 8.5, 7.5],
			"faces": {
				"north": {"uv": [13, 7.5, 12.5, 8], "texture": "#2"},
				"east": {"uv": [12.5, 7.5, 13, 8], "texture": "#2"},
				"south": {"uv": [12.5, 7.5, 13, 8], "texture": "#2"},
				"west": {"uv": [12.5, 7.5, 13, 8], "texture": "#2"},
				"up": {"uv": [12.5, 7.5, 13, 8], "texture": "#2"},
				"down": {"uv": [12.5, 7.5, 13, 8], "texture": "#2"}
			}
		},
		{
			"name": "AR-ammo_33",
			"from": [2.5, 4.5, 7],
			"to": [3, 8, 7.5],
			"faces": {
				"north": {"uv": [3, 8, 2.5, 11.5], "texture": "#2"},
				"east": {"uv": [2.5, 8, 3, 11.5], "texture": "#2"},
				"south": {"uv": [2.5, 8, 3, 11.5], "texture": "#2"},
				"west": {"uv": [2.5, 8, 3, 11.5], "texture": "#2"},
				"up": {"uv": [2.5, 8, 3, 8.5], "texture": "#2"},
				"down": {"uv": [2.5, 11, 3, 11.5], "texture": "#2"}
			}
		},
		{
			"name": "AR-ammo_34",
			"from": [10, 5, 7],
			"to": [10.5, 8, 7.5],
			"faces": {
				"north": {"uv": [10.5, 8, 10, 11], "texture": "#2"},
				"east": {"uv": [10, 8, 10.5, 11], "texture": "#2"},
				"south": {"uv": [10, 8, 10.5, 11], "texture": "#2"},
				"west": {"uv": [10, 8, 10.5, 11], "texture": "#2"},
				"up": {"uv": [10, 8, 10.5, 8.5], "texture": "#2"},
				"down": {"uv": [10, 10.5, 10.5, 11], "texture": "#2"}
			}
		},
		{
			"name": "AR-ammo_35",
			"from": [2, 4.5, 7],
			"to": [2.5, 7.5, 7.5],
			"faces": {
				"north": {"uv": [2.5, 8.5, 2, 11.5], "texture": "#2"},
				"east": {"uv": [2, 8.5, 2.5, 11.5], "texture": "#2"},
				"south": {"uv": [2, 8.5, 2.5, 11.5], "texture": "#2"},
				"west": {"uv": [2, 8.5, 2.5, 11.5], "texture": "#2"},
				"up": {"uv": [2, 8.5, 2.5, 9], "texture": "#2"},
				"down": {"uv": [2, 11, 2.5, 11.5], "texture": "#2"}
			}
		},
		{
			"name": "AR-ammo_36",
			"from": [9.5, 4.5, 7],
			"to": [10, 7.5, 7.5],
			"faces": {
				"north": {"uv": [10, 8.5, 9.5, 11.5], "texture": "#2"},
				"east": {"uv": [9.5, 8.5, 10, 11.5], "texture": "#2"},
				"south": {"uv": [9.5, 8.5, 10, 11.5], "texture": "#2"},
				"west": {"uv": [9.5, 8.5, 10, 11.5], "texture": "#2"},
				"up": {"uv": [9.5, 8.5, 10, 9], "texture": "#2"},
				"down": {"uv": [9.5, 11, 10, 11.5], "texture": "#2"}
			}
		},
		{
			"name": "AR-ammo_37",
			"from": [1.5, 5, 7],
			"to": [2, 7, 7.5],
			"faces": {
				"north": {"uv": [2, 9, 1.5, 11], "texture": "#2"},
				"east": {"uv": [1.5, 9, 2, 11], "texture": "#2"},
				"south": {"uv": [1.5, 9, 2, 11], "texture": "#2"},
				"west": {"uv": [1.5, 9, 2, 11], "texture": "#2"},
				"up": {"uv": [1.5, 9, 2, 9.5], "texture": "#2"},
				"down": {"uv": [1.5, 10.5, 2, 11], "texture": "#2"}
			}
		},
		{
			"name": "AR-ammo_38",
			"from": [1, 5.5, 7],
			"to": [1.5, 6.5, 7.5],
			"faces": {
				"north": {"uv": [1.5, 9.5, 1, 10.5], "texture": "#2"},
				"east": {"uv": [1, 9.5, 1.5, 10.5], "texture": "#2"},
				"south": {"uv": [1, 9.5, 1.5, 10.5], "texture": "#2"},
				"west": {"uv": [1, 9.5, 1.5, 10.5], "texture": "#2"},
				"up": {"uv": [1, 9.5, 1.5, 10], "texture": "#2"},
				"down": {"uv": [1, 10, 1.5, 10.5], "texture": "#2"}
			}
		},
		{
			"name": "AR-ammo_39",
			"from": [7.5, 2.5, 7],
			"to": [8, 3, 7.5],
			"faces": {
				"north": {"uv": [8, 13, 7.5, 13.5], "texture": "#2"},
				"east": {"uv": [7.5, 13, 8, 13.5], "texture": "#2"},
				"south": {"uv": [7.5, 13, 8, 13.5], "texture": "#2"},
				"west": {"uv": [7.5, 13, 8, 13.5], "texture": "#2"},
				"up": {"uv": [7.5, 13, 8, 13.5], "texture": "#2"},
				"down": {"uv": [7.5, 13, 8, 13.5], "texture": "#2"}
			}
		}
	],
	"display": {
		"thirdperson_righthand": {
			"translation": [0, 2.25, 2.5]
		}
	},
	"groups": [
		{
			"name": "SMG-ammo",
			"origin": [8, 8, 8],
			"color": 0,
			"children": []
		},
		{
			"name": "SMG-ammo",
			"origin": [8, 8, 8],
			"color": 0,
			"children": []
		},
		{
			"name": "AR-ammo",
			"origin": [8, 8, 8],
			"color": 0,
			"children": [0, 1, 2, 3, 4, 5, 6, 7, 8, 9, 10, 11, 12, 13, 14, 15, 16, 17, 18, 19, 20, 21, 22, 23, 24, 25, 26, 27, 28, 29, 30, 31, 32, 33, 34, 35, 36, 37, 38, 39]
		}
	]
}