{
	"credit": "Made with Blockbench",
	"textures": {
		"1": "item/SMG-ammo",
		"particle": "item/SMG-ammo"
	},
	"elements": [
		{
			"name": "SMG-ammo_0",
			"from": [7, 10, 6],
			"to": [8, 12, 6.5],
			"faces": {
				"north": {"uv": [8, 4, 7, 6], "texture": "#1"},
				"east": {"uv": [7.5, 4, 8, 6], "texture": "#1"},
				"south": {"uv": [7, 4, 8, 6], "texture": "#1"},
				"west": {"uv": [7, 4, 7.5, 6], "texture": "#1"},
				"up": {"uv": [7, 4, 8, 4.5], "texture": "#1"},
				"down": {"uv": [7, 5.5, 8, 6], "texture": "#1"}
			}
		},
		{
			"name": "SMG-ammo_1",
			"from": [6.5, 5, 6],
			"to": [7, 11.5, 6.5],
			"faces": {
				"north": {"uv": [7, 4.5, 6.5, 11], "texture": "#1"},
				"east": {"uv": [6.5, 4.5, 7, 11], "texture": "#1"},
				"south": {"uv": [6.5, 4.5, 7, 11], "texture": "#1"},
				"west": {"uv": [6.5, 4.5, 7, 11], "texture": "#1"},
				"up": {"uv": [6.5, 4.5, 7, 5], "texture": "#1"},
				"down": {"uv": [6.5, 10.5, 7, 11], "texture": "#1"}
			}
		},
		{
			"name": "SMG-ammo_2",
			"from": [8, 10.5, 6],
			"to": [8.5, 11.5, 6.5],
			"faces": {
				"north": {"uv": [8.5, 4.5, 8, 5.5], "texture": "#1"},
				"east": {"uv": [8, 4.5, 8.5, 5.5], "texture": "#1"},
				"south": {"uv": [8, 4.5, 8.5, 5.5], "texture": "#1"},
				"west": {"uv": [8, 4.5, 8.5, 5.5], "texture": "#1"},
				"up": {"uv": [8, 4.5, 8.5, 5], "texture": "#1"},
				"down": {"uv": [8, 5, 8.5, 5.5], "texture": "#1"}
			}
		},
		{
			"name": "SMG-ammo_3",
			"from": [6, 5, 6],
			"to": [6.5, 11, 6.5],
			"faces": {
				"north": {"uv": [6.5, 5, 6, 11], "texture": "#1"},
				"east": {"uv": [6, 5, 6.5, 11], "texture": "#1"},
				"south": {"uv": [6, 5, 6.5, 11], "texture": "#1"},
				"west": {"uv": [6, 5, 6.5, 11], "texture": "#1"},
				"up": {"uv": [6, 5, 6.5, 5.5], "texture": "#1"},
				"down": {"uv": [6, 10.5, 6.5, 11], "texture": "#1"}
			}
		},
		{
			"name": "SMG-ammo_4",
			"from": [5, 6, 6],
			"to": [6, 10.5, 6.5],
			"faces": {
				"north": {"uv": [6, 5.5, 5, 10], "texture": "#1"},
				"east": {"uv": [5.5, 5.5, 6, 10], "texture": "#1"},
				"south": {"uv": [5, 5.5, 6, 10], "texture": "#1"},
				"west": {"uv": [5, 5.5, 5.5, 10], "texture": "#1"},
				"up": {"uv": [5, 5.5, 6, 6], "texture": "#1"},
				"down": {"uv": [5, 9.5, 6, 10], "texture": "#1"}
			}
		},
		{
			"name": "SMG-ammo_5",
			"from": [9, 8.5, 6],
			"to": [10, 10.5, 6.5],
			"faces": {
				"north": {"uv": [10, 5.5, 9, 7.5], "texture": "#1"},
				"east": {"uv": [9.5, 5.5, 10, 7.5], "texture": "#1"},
				"south": {"uv": [9, 5.5, 10, 7.5], "texture": "#1"},
				"west": {"uv": [9, 5.5, 9.5, 7.5], "texture": "#1"},
				"up": {"uv": [9, 5.5, 10, 6], "texture": "#1"},
				"down": {"uv": [9, 7, 10, 7.5], "texture": "#1"}
			}
		},
		{
			"name": "SMG-ammo_6",
			"from": [4.5, 7, 6],
			"to": [5, 10, 6.5],
			"faces": {
				"north": {"uv": [5, 6, 4.5, 9], "texture": "#1"},
				"east": {"uv": [4.5, 6, 5, 9], "texture": "#1"},
				"south": {"uv": [4.5, 6, 5, 9], "texture": "#1"},
				"west": {"uv": [4.5, 6, 5, 9], "texture": "#1"},
				"up": {"uv": [4.5, 6, 5, 6.5], "texture": "#1"},
				"down": {"uv": [4.5, 8.5, 5, 9], "texture": "#1"}
			}
		},
		{
			"name": "SMG-ammo_7",
			"from": [7, 9.5, 6],
			"to": [7.5, 10, 6.5],
			"faces": {
				"north": {"uv": [7.5, 6, 7, 6.5], "texture": "#1"},
				"east": {"uv": [7, 6, 7.5, 6.5], "texture": "#1"},
				"south": {"uv": [7, 6, 7.5, 6.5], "texture": "#1"},
				"west": {"uv": [7, 6, 7.5, 6.5], "texture": "#1"},
				"up": {"uv": [7, 6, 7.5, 6.5], "texture": "#1"},
				"down": {"uv": [7, 6, 7.5, 6.5], "texture": "#1"}
			}
		},
		{
			"name": "SMG-ammo_8",
			"from": [8.5, 3.5, 6],
			"to": [9, 10, 6.5],
			"faces": {
				"north": {"uv": [9, 6, 8.5, 12.5], "texture": "#1"},
				"east": {"uv": [8.5, 6, 9, 12.5], "texture": "#1"},
				"south": {"uv": [8.5, 6, 9, 12.5], "texture": "#1"},
				"west": {"uv": [8.5, 6, 9, 12.5], "texture": "#1"},
				"up": {"uv": [8.5, 6, 9, 6.5], "texture": "#1"},
				"down": {"uv": [8.5, 12, 9, 12.5], "texture": "#1"}
			}
		},
		{
			"name": "SMG-ammo_9",
			"from": [10, 9, 6],
			"to": [10.5, 10, 6.5],
			"faces": {
				"north": {"uv": [10.5, 6, 10, 7], "texture": "#1"},
				"east": {"uv": [10, 6, 10.5, 7], "texture": "#1"},
				"south": {"uv": [10, 6, 10.5, 7], "texture": "#1"},
				"west": {"uv": [10, 6, 10.5, 7], "texture": "#1"},
				"up": {"uv": [10, 6, 10.5, 6.5], "texture": "#1"},
				"down": {"uv": [10, 6.5, 10.5, 7], "texture": "#1"}
			}
		},
		{
			"name": "SMG-ammo_10",
			"from": [4, 7.5, 6],
			"to": [4.5, 9.5, 6.5],
			"faces": {
				"north": {"uv": [4.5, 6.5, 4, 8.5], "texture": "#1"},
				"east": {"uv": [4, 6.5, 4.5, 8.5], "texture": "#1"},
				"south": {"uv": [4, 6.5, 4.5, 8.5], "texture": "#1"},
				"west": {"uv": [4, 6.5, 4.5, 8.5], "texture": "#1"},
				"up": {"uv": [4, 6.5, 4.5, 7], "texture": "#1"},
				"down": {"uv": [4, 8, 4.5, 8.5], "texture": "#1"}
			}
		},
		{
			"name": "SMG-ammo_11",
			"from": [8, 3.5, 6],
			"to": [8.5, 9.5, 6.5],
			"faces": {
				"north": {"uv": [8.5, 6.5, 8, 12.5], "texture": "#1"},
				"east": {"uv": [8, 6.5, 8.5, 12.5], "texture": "#1"},
				"south": {"uv": [8, 6.5, 8.5, 12.5], "texture": "#1"},
				"west": {"uv": [8, 6.5, 8.5, 12.5], "texture": "#1"},
				"up": {"uv": [8, 6.5, 8.5, 7], "texture": "#1"},
				"down": {"uv": [8, 12, 8.5, 12.5], "texture": "#1"}
			}
		},
		{
			"name": "SMG-ammo_12",
			"from": [3.5, 8, 6],
			"to": [4, 9, 6.5],
			"faces": {
				"north": {"uv": [4, 7, 3.5, 8], "texture": "#1"},
				"east": {"uv": [3.5, 7, 4, 8], "texture": "#1"},
				"south": {"uv": [3.5, 7, 4, 8], "texture": "#1"},
				"west": {"uv": [3.5, 7, 4, 8], "texture": "#1"},
				"up": {"uv": [3.5, 7, 4, 7.5], "texture": "#1"},
				"down": {"uv": [3.5, 7.5, 4, 8], "texture": "#1"}
			}
		},
		{
			"name": "SMG-ammo_13",
			"from": [7, 4.5, 6],
			"to": [8, 9, 6.5],
			"faces": {
				"north": {"uv": [8, 7, 7, 11.5], "texture": "#1"},
				"east": {"uv": [7.5, 7, 8, 11.5], "texture": "#1"},
				"south": {"uv": [7, 7, 8, 11.5], "texture": "#1"},
				"west": {"uv": [7, 7, 7.5, 11.5], "texture": "#1"},
				"up": {"uv": [7, 7, 8, 7.5], "texture": "#1"},
				"down": {"uv": [7, 11, 8, 11.5], "texture": "#1"}
			}
		},
		{
			"name": "SMG-ammo_14",
			"from": [9, 8, 6],
			"to": [9.5, 8.5, 6.5],
			"faces": {
				"north": {"uv": [9.5, 7.5, 9, 8], "texture": "#1"},
				"east": {"uv": [9, 7.5, 9.5, 8], "texture": "#1"},
				"south": {"uv": [9, 7.5, 9.5, 8], "texture": "#1"},
				"west": {"uv": [9, 7.5, 9.5, 8], "texture": "#1"},
				"up": {"uv": [9, 7.5, 9.5, 8], "texture": "#1"},
				"down": {"uv": [9, 7.5, 9.5, 8], "texture": "#1"}
			}
		},
		{
			"name": "SMG-ammo_15",
			"from": [10.5, 6.5, 6],
			"to": [11.5, 8.5, 6.5],
			"faces": {
				"north": {"uv": [11.5, 7.5, 10.5, 9.5], "texture": "#1"},
				"east": {"uv": [11, 7.5, 11.5, 9.5], "texture": "#1"},
				"south": {"uv": [10.5, 7.5, 11.5, 9.5], "texture": "#1"},
				"west": {"uv": [10.5, 7.5, 11, 9.5], "texture": "#1"},
				"up": {"uv": [10.5, 7.5, 11.5, 8], "texture": "#1"},
				"down": {"uv": [10.5, 9, 11.5, 9.5], "texture": "#1"}
			}
		},
		{
			"name": "SMG-ammo_16",
			"from": [10, 5, 6],
			"to": [10.5, 8, 6.5],
			"faces": {
				"north": {"uv": [10.5, 8, 10, 11], "texture": "#1"},
				"east": {"uv": [10, 8, 10.5, 11], "texture": "#1"},
				"south": {"uv": [10, 8, 10.5, 11], "texture": "#1"},
				"west": {"uv": [10, 8, 10.5, 11], "texture": "#1"},
				"up": {"uv": [10, 8, 10.5, 8.5], "texture": "#1"},
				"down": {"uv": [10, 10.5, 10.5, 11], "texture": "#1"}
			}
		},
		{
			"name": "SMG-ammo_17",
			"from": [11.5, 7, 6],
			"to": [12, 8, 6.5],
			"faces": {
				"north": {"uv": [12, 8, 11.5, 9], "texture": "#1"},
				"east": {"uv": [11.5, 8, 12, 9], "texture": "#1"},
				"south": {"uv": [11.5, 8, 12, 9], "texture": "#1"},
				"west": {"uv": [11.5, 8, 12, 9], "texture": "#1"},
				"up": {"uv": [11.5, 8, 12, 8.5], "texture": "#1"},
				"down": {"uv": [11.5, 8.5, 12, 9], "texture": "#1"}
			}
		},
		{
			"name": "SMG-ammo_18",
			"from": [9.5, 4.5, 6],
			"to": [10, 7.5, 6.5],
			"faces": {
				"north": {"uv": [10, 8.5, 9.5, 11.5], "texture": "#1"},
				"east": {"uv": [9.5, 8.5, 10, 11.5], "texture": "#1"},
				"south": {"uv": [9.5, 8.5, 10, 11.5], "texture": "#1"},
				"west": {"uv": [9.5, 8.5, 10, 11.5], "texture": "#1"},
				"up": {"uv": [9.5, 8.5, 10, 9], "texture": "#1"},
				"down": {"uv": [9.5, 11, 10, 11.5], "texture": "#1"}
			}
		},
		{
			"name": "SMG-ammo_19",
			"from": [9, 4, 6],
			"to": [9.5, 7, 6.5],
			"faces": {
				"north": {"uv": [9.5, 9, 9, 12], "texture": "#1"},
				"east": {"uv": [9, 9, 9.5, 12], "texture": "#1"},
				"south": {"uv": [9, 9, 9.5, 12], "texture": "#1"},
				"west": {"uv": [9, 9, 9.5, 12], "texture": "#1"},
				"up": {"uv": [9, 9, 9.5, 9.5], "texture": "#1"},
				"down": {"uv": [9, 11.5, 9.5, 12], "texture": "#1"}
			}
		},
		{
			"name": "SMG-ammo_20",
			"from": [10.5, 6, 6],
			"to": [11, 6.5, 6.5],
			"faces": {
				"north": {"uv": [11, 9.5, 10.5, 10], "texture": "#1"},
				"east": {"uv": [10.5, 9.5, 11, 10], "texture": "#1"},
				"south": {"uv": [10.5, 9.5, 11, 10], "texture": "#1"},
				"west": {"uv": [10.5, 9.5, 11, 10], "texture": "#1"},
				"up": {"uv": [10.5, 9.5, 11, 10], "texture": "#1"},
				"down": {"uv": [10.5, 9.5, 11, 10], "texture": "#1"}
			}
		},
		{
			"name": "SMG-ammo_21",
			"from": [5.5, 5.5, 6],
			"to": [6, 6, 6.5],
			"faces": {
				"north": {"uv": [6, 10, 5.5, 10.5], "texture": "#1"},
				"east": {"uv": [5.5, 10, 6, 10.5], "texture": "#1"},
				"south": {"uv": [5.5, 10, 6, 10.5], "texture": "#1"},
				"west": {"uv": [5.5, 10, 6, 10.5], "texture": "#1"},
				"up": {"uv": [5.5, 10, 6, 10.5], "texture": "#1"},
				"down": {"uv": [5.5, 10, 6, 10.5], "texture": "#1"}
			}
		},
		{
			"name": "SMG-ammo_22",
			"from": [7.5, 4, 6],
			"to": [8, 4.5, 6.5],
			"faces": {
				"north": {"uv": [8, 11.5, 7.5, 12], "texture": "#1"},
				"east": {"uv": [7.5, 11.5, 8, 12], "texture": "#1"},
				"south": {"uv": [7.5, 11.5, 8, 12], "texture": "#1"},
				"west": {"uv": [7.5, 11.5, 8, 12], "texture": "#1"},
				"up": {"uv": [7.5, 11.5, 8, 12], "texture": "#1"},
				"down": {"uv": [7.5, 11.5, 8, 12], "texture": "#1"}
			}
		}
	],
	"display": {
		"thirdperson_righthand": {
			"translation": [0, 2.25, 2.5]
		}
	},
	"groups": [
		{
			"name": "SMG-ammo",
			"origin": [8, 8, 8],
			"color": 0,
			"children": []
		},
		{
			"name": "SMG-ammo",
			"origin": [8, 8, 8],
			"color": 0,
			"children": [0, 1, 2, 3, 4, 5, 6, 7, 8, 9, 10, 11, 12, 13, 14, 15, 16, 17, 18, 19, 20, 21, 22]
		}
	]
}