{
	"credit": "Made with Blockbench",
	"textures": {
		"0": "block/anvil",
		"particle": "block/anvil"
	},
	"elements": [
		{
			"from": [-3, 0, 7],
			"to": [-2.4, 18, 8.6],
			"rotation": {"angle": -45, "axis": "z", "origin": [0, -8, 0]},
			"faces": {
				"north": {"uv": [10, 0, 13, 16], "texture": "#0"},
				"east": {"uv": [6, 0, 8, 16], "texture": "#0"},
				"south": {"uv": [13, 0, 16, 16], "texture": "#0"},
				"west": {"uv": [8, 0, 10, 16], "texture": "#0"},
				"up": {"uv": [0, 0, 3, 2], "texture": "#0"},
				"down": {"uv": [0, 0, 3, 2], "texture": "#0"}
			}
		},
		{
			"from": [16, -14, 6.4],
			"to": [17.6, 4, 7],
			"rotation": {"angle": 45, "axis": "z", "origin": [0, -8, 0]},
			"faces": {
				"north": {"uv": [6, 0, 8, 16], "texture": "#0"},
				"east": {"uv": [13, 0, 16, 16], "texture": "#0"},
				"south": {"uv": [8, 0, 10, 16], "texture": "#0"},
				"west": {"uv": [10, 0, 13, 16], "texture": "#0"},
				"up": {"uv": [0, 0, 3, 2], "rotation": 270, "texture": "#0"},
				"down": {"uv": [0, 0, 3, 2], "rotation": 90, "texture": "#0"}
			}
		},
		{
			"from": [9, -2, -4.6],
			"to": [10.6, 16, -4],
			"rotation": {"angle": 45, "axis": "x", "origin": [0, -8, 0]},
			"faces": {
				"north": {"uv": [6, 0, 8, 16], "texture": "#0"},
				"east": {"uv": [13, 0, 16, 16], "texture": "#0"},
				"south": {"uv": [8, 0, 10, 16], "texture": "#0"},
				"west": {"uv": [10, 0, 13, 16], "texture": "#0"},
				"up": {"uv": [0, 0, 3, 2], "rotation": 270, "texture": "#0"},
				"down": {"uv": [0, 0, 3, 2], "rotation": 90, "texture": "#0"}
			}
		},
		{
			"from": [9, -12, 14.4],
			"to": [10.6, 6, 15],
			"rotation": {"angle": -45, "axis": "x", "origin": [0, -8, 0]},
			"faces": {
				"north": {"uv": [6, 0, 8, 16], "texture": "#0"},
				"east": {"uv": [13, 0, 16, 16], "texture": "#0"},
				"south": {"uv": [8, 0, 10, 16], "texture": "#0"},
				"west": {"uv": [10, 0, 13, 16], "texture": "#0"},
				"up": {"uv": [0, 0, 3, 2], "rotation": 270, "texture": "#0"},
				"down": {"uv": [0, 0, 3, 2], "rotation": 90, "texture": "#0"}
			}
		},
		{
			"from": [1, 4, 12.6],
			"to": [3, 6.2, 12.8],
			"rotation": {"angle": 45, "axis": "y", "origin": [0, 0, 0]},
			"faces": {
				"north": {"uv": [0, 0, 2, 2.2], "texture": "#0"},
				"east": {"uv": [0, 0, 0.2, 2.2], "texture": "#0"},
				"south": {"uv": [0, 0, 2, 2.2], "texture": "#0"},
				"west": {"uv": [0, 0, 0.2, 2.2], "texture": "#0"},
				"up": {"uv": [0, 0, 2, 0.2], "texture": "#0"},
				"down": {"uv": [0, 0, 2, 0.2], "texture": "#0"}
			}
		},
		{
			"from": [10.8, 4.4, 2.1],
			"to": [11, 6.2, 3.7],
			"rotation": {"angle": -22.5, "axis": "y", "origin": [0, 0, 0]},
			"faces": {
				"north": {"uv": [0, 0, 0.2, 1.8], "texture": "#0"},
				"east": {"uv": [0, 0, 1.6, 1.8], "texture": "#0"},
				"south": {"uv": [0, 0, 0.2, 1.8], "texture": "#0"},
				"west": {"uv": [0, 0, 1.6, 1.8], "texture": "#0"},
				"up": {"uv": [0, 0, 1.6, 0.2], "rotation": 270, "texture": "#0"},
				"down": {"uv": [0, 0, 1.6, 0.2], "rotation": 90, "texture": "#0"}
			}
		}
	],
	"display": {
		"thirdperson_righthand": {
			"rotation": [75, 45, 0],
			"translation": [0, 0.25, 0],
			"scale": [0.5, 0.5, 0.5]
		},
		"thirdperson_lefthand": {
			"rotation": [75, 45, 0],
			"translation": [0, 2.5, 0],
			"scale": [0.375, 0.375, 0.375]
		},
		"firstperson_righthand": {
			"rotation": [0, 45, 0],
			"scale": [0.4, 0.4, 0.4]
		},
		"firstperson_lefthand": {
			"rotation": [0, 225, 0],
			"scale": [0.4, 0.4, 0.4]
		},
		"ground": {
			"translation": [0, 4.25, 0]
		},
		"gui": {
			"rotation": [-158.17, -18.08, 164.85],
			"translation": [1, 1.75, 0],
			"scale": [0.625, 0.625, 0.625]
		},
		"fixed": {
			"scale": [0.5, 0.5, 0.5]
		}
	},
	"groups": [
		{
			"name": "group",
			"origin": [8, 8, 8],
			"color": 0,
			"children": [0, 1, 2, 3]
		},
		4,
		5
	]
}