{
	"parent": "item/handheld",
	"textures": {
		"layer0": "item/diamond_hoe"
	},
	"overrides": [

        {"predicate": {"custom_model_data":0}, "model":"item/diamond_hoe"},

		{"predicate": {"custom_model_data":   1}, "model":"item/weapons/DIAMOND-PI-1"},

        {"predicate": {"custom_model_data":   1001}, "model":"item/weapons/DIAMOND-PI-1_sprint"},

        {"predicate": {"custom_model_data":   2001}, "model":"item/weapons/DIAMOND-PI-1_reload"},

        {"predicate": {"custom_model_data":   3001}, "model":"item/weapons/DIAMOND-PI-1_ads"},

        {"predicate": {"custom_model_data":   4001}, "model":"item/weapons/DIAMOND-PI-1_ads_2"}
	]
}