{
	"parent": "item/handheld",
	"textures": {
		"layer0": "item/golden_sword"
	},
	"overrides": [

        {"predicate": {"custom_model_data":0}, "model":"item/golden_sword"},

		{"predicate": {"custom_model_data":   1}, "model":"item/weapons/BLACKSWORD"},
		{"predicate": {"custom_model_data":   2}, "model":"item/weapons/TOKIKAZE-KATANA"},

        {"predicate": {"custom_model_data":   1001}, "model":"item/weapons/BLACKSWORD_sprint"},
		{"predicate": {"custom_model_data":   1002}, "model":"item/weapons/TOKIKAZE-KATANA_sprint"}
	]
}