{
	"parent": "item/handheld",
	"textures": {
		"layer0": "item/stone_sword"
	},
	"overrides": [

        {"predicate": {"custom_model_data":0}, "model":"item/stone_sword"},

		{"predicate": {"custom_model_data":   1}, "model":"item/weapons/KATANA-1"},
        {"predicate": {"custom_model_data":   2}, "model":"item/weapons/KATANA-2"},
		{"predicate": {"custom_model_data":   3}, "model":"item/weapons/SWORD-1"},
		{"predicate": {"custom_model_data":   4}, "model":"item/weapons/HAMMER-1"},
		{"predicate": {"custom_model_data":   5}, "model":"item/weapons/HAMMER-2"},

        {"predicate": {"custom_model_data":   1001}, "model":"item/weapons/KATANA-1_sprint"},
        {"predicate": {"custom_model_data":   1002}, "model":"item/weapons/KATANA-2_sprint"},
		{"predicate": {"custom_model_data":   1003}, "model":"item/weapons/SWORD-1_sprint"}
	]
}