{
	"parent": "item/handheld",
	"textures": {
		"layer0": "item/stone_hoe"
	},
	"overrides": [

        {"predicate": {"custom_model_data":0}, "model":"item/stone_hoe"},

		{"predicate": {"custom_model_data":   1}, "model":"item/weapons/PI-1"},
        {"predicate": {"custom_model_data":   2}, "model":"item/weapons/PI-2"},

        {"predicate": {"custom_model_data":   101}, "model":"item/weapons/IR-1"},
        {"predicate": {"custom_model_data":   102}, "model":"item/weapons/IR-2"},
        {"predicate": {"custom_model_data":   103}, "model":"item/weapons/IR-3"},



        {"predicate": {"custom_model_data":   1001}, "model":"item/weapons/PI-1_sprint"},
        {"predicate": {"custom_model_data":   1002}, "model":"item/weapons/PI-2_sprint"},

        {"predicate": {"custom_model_data":   1101}, "model":"item/weapons/IR-1_sprint"},
        {"predicate": {"custom_model_data":   1102}, "model":"item/weapons/IR-2_sprint"},
        {"predicate": {"custom_model_data":   1103}, "model":"item/weapons/IR-3_sprint"},

        {"predicate": {"custom_model_data":   2001}, "model":"item/weapons/PI-1_reload"},
        {"predicate": {"custom_model_data":   2002}, "model":"item/weapons/PI-2_reload"},

        {"predicate": {"custom_model_data":   2101}, "model":"item/weapons/IR-1_reload"},
        {"predicate": {"custom_model_data":   2102}, "model":"item/weapons/IR-2_reload"},
        {"predicate": {"custom_model_data":   2103}, "model":"item/weapons/IR-3_reload"},

        {"predicate": {"custom_model_data":   3001}, "model":"item/weapons/PI-1_ads"},
        {"predicate": {"custom_model_data":   3002}, "model":"item/weapons/PI-2_ads"},

        {"predicate": {"custom_model_data":   3101}, "model":"item/weapons/IR-1_ads"},
        {"predicate": {"custom_model_data":   3102}, "model":"item/weapons/IR-2_ads"},
        {"predicate": {"custom_model_data":   3103}, "model":"item/weapons/IR-3_ads"},

        {"predicate": {"custom_model_data":   4001}, "model":"item/weapons/PI-1_ads_2"},
        {"predicate": {"custom_model_data":   4002}, "model":"item/weapons/PI-2_ads_2"}
	]
}