{
	"credit": "Made with Blockbench",
	"ambientocclusion": false,
	"textures": {
		"4": "block/sandbag"
	},
	"elements": [
		{
			"from": [5.75, 0, 0.75],
			"to": [9.75, 4, 9.75],
			"rotation": {"angle": 0, "axis": "y", "origin": [2, 0, 0]},
			"faces": {
				"north": {"uv": [6, 4, 8, 6], "texture": "#4"},
				"east": {"uv": [4, 2, 8.5, 4], "texture": "#4"},
				"south": {"uv": [6, 4, 8, 6], "texture": "#4"},
				"west": {"uv": [4, 2, 8.5, 4], "texture": "#4"},
				"up": {"uv": [6, 8.5, 4, 4], "texture": "#4"},
				"down": {"uv": [6, 8.5, 4, 4], "texture": "#4"}
			}
		},
		{
			"from": [6.25, 3.9, 2.25],
			"to": [10.25, 7.9, 11.25],
			"rotation": {"angle": 0, "axis": "y", "origin": [2, 0, 0]},
			"faces": {
				"north": {"uv": [6, 4, 8, 6], "texture": "#4"},
				"east": {"uv": [4, 2, 8.5, 4], "texture": "#4"},
				"south": {"uv": [6, 4, 8, 6], "texture": "#4"},
				"west": {"uv": [4, 2, 8.5, 4], "texture": "#4"},
				"up": {"uv": [6, 8.5, 4, 4], "texture": "#4"},
				"down": {"uv": [6, 8.5, 4, 4], "texture": "#4"}
			}
		},
		{
			"from": [4, -0.1, 6],
			"to": [8, 3.9, 15],
			"rotation": {"angle": 0, "axis": "y", "origin": [5, 0, 0]},
			"faces": {
				"north": {"uv": [6, 4, 8, 6], "texture": "#4"},
				"east": {"uv": [4, 2, 8.5, 4], "texture": "#4"},
				"south": {"uv": [6, 4, 8, 6], "texture": "#4"},
				"west": {"uv": [4, 2, 8.5, 4], "texture": "#4"},
				"up": {"uv": [6, 8.5, 4, 4], "texture": "#4"},
				"down": {"uv": [6, 8.5, 4, 4], "texture": "#4"}
			}
		},
		{
			"from": [7.5, 0.2, 4.25],
			"to": [11.5, 4.2, 13.25],
			"rotation": {"angle": 0, "axis": "y", "origin": [4, 0, 16]},
			"faces": {
				"north": {"uv": [8, 4, 6, 6], "texture": "#4"},
				"east": {"uv": [8.5, 2, 4, 4], "texture": "#4"},
				"south": {"uv": [8, 4, 6, 6], "texture": "#4"},
				"west": {"uv": [8.5, 2, 4, 4], "texture": "#4"},
				"up": {"uv": [6, 4, 4, 8.5], "texture": "#4"},
				"down": {"uv": [6, 4, 4, 8.5], "texture": "#4"}
			}
		}
	],
	"display": {
		"thirdperson_righthand": {
			"rotation": [6.31, 37.53, -18.52],
			"translation": [1, 3.5, -1.25],
			"scale": [0.6, 0.6, 0.6]
		},
		"thirdperson_lefthand": {
			"rotation": [6.31, 37.53, -18.52],
			"translation": [1, 3.5, -1.25],
			"scale": [0.6, 0.6, 0.6]
		},
		"firstperson_righthand": {
			"translation": [2.5, 2, -0.25]
		},
		"firstperson_lefthand": {
			"translation": [3.25, 2.25, 0]
		},
		"ground": {
			"translation": [0, 2.25, 0]
		},
		"gui": {
			"rotation": [0.75, -66.78, 1.05],
			"translation": [0.5, 3.75, 0]
		},
		"fixed": {
			"rotation": [180, -88.75, 180],
			"translation": [0, 4, 0]
		}
	}
}