{
	"credit": "Made by SrDarmith - YouTube: Mainclay",
	"textures": {
		"texture": "block/obsidian block",
		"anvil 1": "block/wool colored silver"
	},
	"elements": [
		{
			"from": [7.4, -1.25, 7.3125],
			"to": [8.55, 0.75, 8.7125],
			"rotation": {"angle": 0, "axis": "y", "origin": [0.35, 0, -0.25]},
			"faces": {
				"north": {"uv": [13, 12, 12, 11], "texture": "#texture"},
				"east": {"uv": [13, 12, 12, 11], "texture": "#texture"},
				"south": {"uv": [13, 12, 12, 11], "texture": "#texture"},
				"west": {"uv": [13, 12, 12, 11], "texture": "#texture"},
				"up": {"uv": [13, 12, 12, 11], "texture": "#texture"},
				"down": {"uv": [12, 11, 13, 12], "texture": "#texture"}
			}
		},
		{
			"from": [6.225, 6, 7.1875],
			"to": [9.725, 7.35, 8.8375],
			"rotation": {"angle": 0, "axis": "y", "origin": [0.35, 0, -0.25]},
			"faces": {
				"north": {"uv": [13, 12, 12, 11], "texture": "#texture"},
				"east": {"uv": [13, 12, 12, 11], "texture": "#texture"},
				"south": {"uv": [13, 12, 12, 11], "texture": "#texture"},
				"west": {"uv": [13, 12, 12, 11], "texture": "#texture"},
				"up": {"uv": [13, 12, 12, 11], "texture": "#texture"},
				"down": {"uv": [12, 11, 13, 12], "texture": "#texture"}
			}
		},
		{
			"from": [4.225, 6.375, 7.4375],
			"to": [11.725, 6.975, 8.5875],
			"rotation": {"angle": 0, "axis": "y", "origin": [0.35, 0, -0.25]},
			"faces": {
				"north": {"uv": [13, 12, 12, 11], "texture": "#texture"},
				"east": {"uv": [13, 12, 12, 11], "texture": "#texture"},
				"south": {"uv": [13, 12, 12, 11], "texture": "#texture"},
				"west": {"uv": [13, 12, 12, 11], "texture": "#texture"},
				"up": {"uv": [13, 12, 12, 11], "texture": "#texture"},
				"down": {"uv": [12, 11, 13, 12], "texture": "#texture"}
			}
		},
		{
			"from": [7.175, -0.125, 7.4875],
			"to": [8.775, 0.75, 8.5375],
			"rotation": {"angle": 0, "axis": "y", "origin": [0.35, 0, -0.25]},
			"faces": {
				"north": {"uv": [13, 12, 12, 11], "texture": "#texture"},
				"east": {"uv": [13, 12, 12, 11], "texture": "#texture"},
				"south": {"uv": [13, 12, 12, 11], "texture": "#texture"},
				"west": {"uv": [13, 12, 12, 11], "texture": "#texture"},
				"up": {"uv": [13, 12, 12, 11], "texture": "#texture"},
				"down": {"uv": [12, 11, 13, 12], "texture": "#texture"}
			}
		},
		{
			"from": [7.425, 5.75, 7.1875],
			"to": [8.525, 6, 8.8375],
			"rotation": {"angle": 0, "axis": "y", "origin": [0.35, 0, -0.25]},
			"faces": {
				"north": {"uv": [13, 12, 12, 11], "texture": "#texture"},
				"east": {"uv": [13, 12, 12, 11], "texture": "#texture"},
				"south": {"uv": [13, 12, 12, 11], "texture": "#texture"},
				"west": {"uv": [13, 12, 12, 11], "texture": "#texture"},
				"up": {"uv": [13, 12, 12, 11], "texture": "#texture"},
				"down": {"uv": [12, 11, 13, 12], "texture": "#texture"}
			}
		},
		{
			"from": [7.175, 5.75, 7.4375],
			"to": [8.775, 6, 8.5875],
			"rotation": {"angle": 0, "axis": "y", "origin": [0.35, 0, -0.25]},
			"faces": {
				"north": {"uv": [13, 12, 12, 11], "texture": "#texture"},
				"east": {"uv": [13, 12, 12, 11], "texture": "#texture"},
				"south": {"uv": [13, 12, 12, 11], "texture": "#texture"},
				"west": {"uv": [13, 12, 12, 11], "texture": "#texture"},
				"up": {"uv": [13, 12, 12, 11], "texture": "#texture"},
				"down": {"uv": [12, 11, 13, 12], "texture": "#texture"}
			}
		},
		{
			"from": [6.9, -1, 7.4875],
			"to": [9.05, -0.125, 8.5375],
			"rotation": {"angle": 0, "axis": "y", "origin": [0.35, 0, -0.25]},
			"faces": {
				"north": {"uv": [13, 12, 12, 11], "texture": "#texture"},
				"east": {"uv": [13, 12, 12, 11], "texture": "#texture"},
				"south": {"uv": [13, 12, 12, 11], "texture": "#texture"},
				"west": {"uv": [13, 12, 12, 11], "texture": "#texture"},
				"up": {"uv": [13, 12, 12, 11], "texture": "#texture"},
				"down": {"uv": [12, 11, 13, 12], "texture": "#texture"}
			}
		},
		{
			"from": [7.6, -0.25, 7.3875],
			"to": [8.35, 5.75, 8.6375],
			"rotation": {"angle": 0, "axis": "y", "origin": [0.35, 0, -0.25]},
			"faces": {
				"north": {"uv": [12, 16, 10, 0], "texture": "#anvil 1"},
				"east": {"uv": [12, 16, 10, 0], "texture": "#anvil 1"},
				"south": {"uv": [12, 16, 10, 0], "texture": "#anvil 1"},
				"west": {"uv": [12, 16, 10, 0], "texture": "#anvil 1"},
				"down": {"uv": [10, 0, 12, 16], "texture": "#anvil 1"}
			}
		},
		{
			"from": [7.3, 23.95, 7.825],
			"to": [9.225, 25.9, 8.2],
			"rotation": {"angle": -45, "axis": "z", "origin": [8.35, 25.375, 7.75]},
			"faces": {
				"north": {"uv": [12, 3, 11, 4], "texture": "#texture"},
				"east": {"uv": [12, 3, 11, 4], "texture": "#texture"},
				"south": {"uv": [12, 3, 11, 4], "texture": "#texture"},
				"west": {"uv": [12, 3, 11, 4], "texture": "#texture"},
				"up": {"uv": [11, 3, 12, 4], "rotation": 90, "texture": "#texture"}
			}
		},
		{
			"from": [7.65, 23.95, 7.6],
			"to": [8.875, 25.175, 8.425],
			"rotation": {"angle": -45, "axis": "z", "origin": [8.35, 25, 7.75]},
			"faces": {
				"north": {"uv": [15, 3, 16, 2], "texture": "#texture"},
				"east": {"uv": [15, 3, 16, 2], "texture": "#texture"},
				"south": {"uv": [15, 3, 16, 2], "texture": "#texture"},
				"west": {"uv": [15, 3, 16, 2], "texture": "#texture"},
				"up": {"uv": [15, 3, 16, 2], "texture": "#texture"}
			}
		},
		{
			"from": [6.6, 6.625, 7.825],
			"to": [7.6, 25.125, 8.2],
			"rotation": {"angle": 0, "axis": "y", "origin": [0.35, 1.375, -0.25]},
			"faces": {
				"north": {"uv": [12, 3, 11, 10], "texture": "#texture"},
				"east": {"uv": [12, 3, 11, 10], "texture": "#texture"},
				"south": {"uv": [12, 3, 11, 10], "texture": "#texture"},
				"west": {"uv": [12, 3, 11, 10], "texture": "#texture"},
				"up": {"uv": [11, 10, 12, 3], "texture": "#texture"}
			}
		},
		{
			"from": [8.1, 24.375, 7.825],
			"to": [9.35, 25.125, 8.2],
			"rotation": {"angle": 0, "axis": "y", "origin": [0.35, 1.375, -0.25]},
			"faces": {
				"north": {"uv": [12, 4, 11, 3], "texture": "#texture"},
				"east": {"uv": [12, 4, 11, 3], "texture": "#texture"},
				"south": {"uv": [12, 4, 11, 3], "texture": "#texture"},
				"west": {"uv": [12, 4, 11, 3], "texture": "#texture"},
				"up": {"uv": [11, 3, 12, 4], "texture": "#texture"}
			}
		},
		{
			"from": [8.1, 6.625, 7.825],
			"to": [9.35, 24.375, 8.2],
			"rotation": {"angle": 0, "axis": "y", "origin": [0.35, 1.375, -0.25]},
			"faces": {
				"north": {"uv": [7, 5.75, 8, 11], "texture": "#texture"},
				"east": {"uv": [7, 5.75, 8, 11], "texture": "#texture"},
				"south": {"uv": [7, 5.75, 8, 11], "texture": "#texture"},
				"west": {"uv": [7, 5.75, 8, 11], "texture": "#texture"},
				"up": {"uv": [8, 11, 7, 5.75], "texture": "#texture"}
			}
		},
		{
			"from": [7.95, 18.5, 7.6],
			"to": [8.85, 21.25, 8.425],
			"rotation": {"angle": 0, "axis": "y", "origin": [0.35, 1, -0.25]},
			"faces": {
				"north": {"uv": [15.25, 4, 16, 1.25], "rotation": 90, "texture": "#texture"},
				"east": {"uv": [15.25, 4, 16, 1.25], "rotation": 90, "texture": "#texture"},
				"south": {"uv": [16, 1.25, 15.25, 4], "rotation": 90, "texture": "#texture"},
				"west": {"uv": [16, 1.25, 15.25, 4], "rotation": 90, "texture": "#texture"},
				"up": {"uv": [15.25, 4, 16, 1.25], "rotation": 90, "texture": "#texture"}
			}
		},
		{
			"from": [7.1, 20.5, 7.6],
			"to": [7.95, 24.75, 8.425],
			"rotation": {"angle": 0, "axis": "y", "origin": [0.35, 1, -0.25]},
			"faces": {
				"north": {"uv": [15.25, 1.25, 16, 3], "rotation": 90, "texture": "#texture"},
				"east": {"uv": [16, 3, 15.25, 1.25], "rotation": 90, "texture": "#texture"},
				"south": {"uv": [15.25, 3, 16, 1.25], "rotation": 90, "texture": "#texture"},
				"west": {"uv": [16, 3, 15.25, 1.25], "rotation": 90, "texture": "#texture"},
				"up": {"uv": [16, 3, 15.25, 1.25], "rotation": 90, "texture": "#texture"}
			}
		},
		{
			"from": [7.95, 21.25, 7.6],
			"to": [8.85, 24.75, 8.425],
			"rotation": {"angle": 0, "axis": "y", "origin": [0.35, 1, -0.25]},
			"faces": {
				"north": {"uv": [15.25, 3, 16, 1.25], "rotation": 90, "texture": "#texture"},
				"east": {"uv": [15.25, 3, 16, 1.25], "rotation": 90, "texture": "#texture"},
				"south": {"uv": [16, 1.25, 15.25, 3], "rotation": 90, "texture": "#texture"},
				"west": {"uv": [16, 1.25, 15.25, 3], "rotation": 90, "texture": "#texture"},
				"up": {"uv": [15.25, 3, 16, 1.25], "rotation": 90, "texture": "#texture"}
			}
		},
		{
			"from": [7.1, 17.75, 7.6],
			"to": [7.95, 20.5, 8.425],
			"rotation": {"angle": 0, "axis": "y", "origin": [0.35, 1, -0.25]},
			"faces": {
				"north": {"uv": [15.25, 1.25, 16, 4], "rotation": 90, "texture": "#texture"},
				"east": {"uv": [16, 4, 15.25, 1.25], "rotation": 90, "texture": "#texture"},
				"south": {"uv": [15.25, 4, 16, 1.25], "rotation": 90, "texture": "#texture"},
				"west": {"uv": [16, 4, 15.25, 1.25], "rotation": 90, "texture": "#texture"},
				"up": {"uv": [16, 4, 15.25, 1.25], "rotation": 90, "texture": "#texture"}
			}
		},
		{
			"from": [7.95, 7.25, 7.6],
			"to": [8.85, 11.25, 8.425],
			"rotation": {"angle": 0, "axis": "y", "origin": [0.35, 1, -0.25]},
			"faces": {
				"north": {"uv": [15.25, 4, 16, 1.25], "rotation": 90, "texture": "#texture"},
				"east": {"uv": [15.25, 4, 16, 1.25], "rotation": 90, "texture": "#texture"},
				"south": {"uv": [16, 1.25, 15.25, 4], "rotation": 90, "texture": "#texture"},
				"west": {"uv": [16, 1.25, 15.25, 4], "rotation": 90, "texture": "#texture"},
				"up": {"uv": [15.25, 4, 16, 1.25], "rotation": 90, "texture": "#texture"}
			}
		},
		{
			"from": [7.1, 6.5, 7.6],
			"to": [7.95, 10.5, 8.425],
			"rotation": {"angle": 0, "axis": "y", "origin": [0.35, 1, -0.25]},
			"faces": {
				"north": {"uv": [15.25, 1.25, 16, 4], "rotation": 90, "texture": "#texture"},
				"east": {"uv": [16, 4, 15.25, 1.25], "rotation": 90, "texture": "#texture"},
				"south": {"uv": [15.25, 4, 16, 1.25], "rotation": 90, "texture": "#texture"},
				"west": {"uv": [16, 4, 15.25, 1.25], "rotation": 90, "texture": "#texture"},
				"up": {"uv": [16, 4, 15.25, 1.25], "rotation": 90, "texture": "#texture"}
			}
		},
		{
			"from": [7.95, 11.25, 7.6],
			"to": [8.85, 18.5, 8.425],
			"rotation": {"angle": 0, "axis": "y", "origin": [0.35, 1, -0.25]},
			"faces": {
				"north": {"uv": [9.25, 1, 12, 0], "texture": "#texture"},
				"east": {"uv": [9.25, 1, 12, 0], "texture": "#texture"},
				"south": {"uv": [12, 1, 9.25, 0], "texture": "#texture"},
				"west": {"uv": [9.25, 1, 12, 0], "texture": "#texture"},
				"up": {"uv": [9.25, 1, 12, 0], "texture": "#texture"}
			}
		},
		{
			"from": [7.1, 10.5, 7.6],
			"to": [7.95, 17.75, 8.425],
			"rotation": {"angle": 0, "axis": "y", "origin": [0.35, 1, -0.25]},
			"faces": {
				"north": {"uv": [12, 1, 9.25, 0], "texture": "#texture"},
				"east": {"uv": [12, 1, 9.25, 0], "texture": "#texture"},
				"south": {"uv": [9.25, 1, 12, 0], "texture": "#texture"},
				"west": {"uv": [12, 1, 9.25, 0], "texture": "#texture"},
				"up": {"uv": [12, 1, 9.25, 0], "texture": "#texture"}
			}
		},
		{
			"from": [7.35, -0.25, 7.6375],
			"to": [8.6, 5.75, 8.3875],
			"rotation": {"angle": 0, "axis": "y", "origin": [0.35, 0, -0.25]},
			"faces": {
				"north": {"uv": [12, 16, 10, 0], "texture": "#anvil 1"},
				"east": {"uv": [12, 16, 10, 0], "texture": "#anvil 1"},
				"south": {"uv": [12, 16, 10, 0], "texture": "#anvil 1"},
				"west": {"uv": [12, 16, 10, 0], "texture": "#anvil 1"},
				"down": {"uv": [10, 0, 12, 16], "texture": "#anvil 1"}
			}
		}
	],
	"gui_light": "front",
	"display": {
		"thirdperson_righthand": {
			"rotation": [0, -90, 0],
			"translation": [0, 3, 1.25],
			"scale": [1.1, 1.1, 1.1]
		},
		"thirdperson_lefthand": {
			"rotation": [0, -90, 0],
			"translation": [0, 2.25, 1.25],
			"scale": [1.03, 1, 1]
		},
		"firstperson_righthand": {
			"rotation": [-29, -90, 0],
			"translation": [-9, 0.25, -3.75],
			"scale": [0.96, 0.93, 0.94]
		},
		"firstperson_lefthand": {
			"rotation": [0, -90, -16],
			"translation": [5, 0.25, -3.75],
			"scale": [0.96, 0.93, 0.94]
		},
		"ground": {
			"rotation": [0, 0, 45],
			"translation": [2.75, 2.5, 0],
			"scale": [0.9, 0.87, 0.87]
		},
		"gui": {
			"rotation": [6.9, 25.21, -36.49],
			"translation": [-1.25, -3.25, 0],
			"scale": [0.8, 0.8, 0.8]
		},
		"fixed": {
			"rotation": [0, 180, 45],
			"translation": [-2.95, -2.95, -0.6],
			"scale": [1.01, 0.98, 0.98]
		}
	}
}