{
	"credit": "Made by SrDarmith - YouTube: Mainclay",
	"textures": {
		"2": "block/skin/skin",
		"texture": "block/diamond_block",
		"particle": "block/anvil"
	},
	"elements": [
		{
			"from": [2.1, 9.7, 7.7],
			"to": [2.75, 9.95, 8.55],
			"rotation": {"angle": 0, "axis": "y", "origin": [-0.25, -18.75, 0]},
			"faces": {
				"north": {"uv": [14, 14, 12, 12], "texture": "#texture"},
				"east": {"uv": [14, 14, 12, 12], "texture": "#texture"},
				"south": {"uv": [14, 14, 12, 12], "texture": "#texture"},
				"west": {"uv": [14, 14, 12, 12], "texture": "#texture", "cullface": "west"},
				"up": {"uv": [14, 14, 12, 12], "texture": "#texture"},
				"down": {"uv": [14, 14, 12, 12], "texture": "#texture"}
			}
		},
		{
			"from": [2.1, 9.95, 7.5],
			"to": [2.775, 10.7, 7.75],
			"rotation": {"angle": 0, "axis": "y", "origin": [-0.25, -18.75, 0]},
			"faces": {
				"north": {"uv": [14, 14, 12, 12], "texture": "#texture"},
				"east": {"uv": [14, 14, 12, 12], "texture": "#texture"},
				"south": {"uv": [14, 14, 12, 12], "texture": "#texture"},
				"west": {"uv": [14, 14, 12, 12], "texture": "#texture", "cullface": "west"},
				"up": {"uv": [14, 14, 12, 12], "texture": "#texture"},
				"down": {"uv": [14, 14, 12, 12], "texture": "#texture"}
			}
		},
		{
			"from": [2.1, 9.95, 8.5],
			"to": [2.775, 10.7, 8.75],
			"rotation": {"angle": 0, "axis": "y", "origin": [-0.25, -18.75, 0]},
			"faces": {
				"north": {"uv": [14, 14, 12, 12], "texture": "#texture"},
				"east": {"uv": [14, 14, 12, 12], "texture": "#texture"},
				"south": {"uv": [14, 14, 12, 12], "texture": "#texture"},
				"west": {"uv": [14, 14, 12, 12], "texture": "#texture", "cullface": "west"},
				"up": {"uv": [14, 14, 12, 12], "texture": "#texture"},
				"down": {"uv": [14, 14, 12, 12], "texture": "#texture"}
			}
		},
		{
			"from": [2.1, 10.7, 7.675],
			"to": [2.775, 10.95, 8.575],
			"rotation": {"angle": 0, "axis": "y", "origin": [-0.25, -18.75, 0]},
			"faces": {
				"north": {"uv": [14, 14, 12, 12], "texture": "#texture"},
				"east": {"uv": [14, 14, 12, 12], "texture": "#texture"},
				"south": {"uv": [14, 14, 12, 12], "texture": "#texture"},
				"west": {"uv": [14, 14, 12, 12], "texture": "#texture", "cullface": "west"},
				"up": {"uv": [14, 14, 12, 12], "texture": "#texture"},
				"down": {"uv": [14, 14, 12, 12], "texture": "#texture"}
			}
		},
		{
			"from": [2, 10, 7.6],
			"to": [8, 10.65, 7.75],
			"rotation": {"angle": 0, "axis": "y", "origin": [-0.25, -18.75, 0]},
			"faces": {
				"north": {"uv": [8, 12.25, 15, 13], "texture": "#texture"},
				"south": {"uv": [0, 12.25, 7, 13], "texture": "#texture"},
				"west": {"uv": [7.5, 12.25, 6.75, 13], "texture": "#texture", "cullface": "west"},
				"up": {"uv": [0, 13.25, 7, 13.5], "texture": "#texture"},
				"down": {"uv": [15, 13.5, 8, 13.25], "texture": "#texture"}
			}
		},
		{
			"from": [2, 9.8, 7.75],
			"to": [8, 10, 8.5],
			"rotation": {"angle": 0, "axis": "y", "origin": [-0.25, -18.75, 0]},
			"faces": {
				"north": {"uv": [8, 13, 15, 13.25], "texture": "#texture"},
				"south": {"uv": [0, 13, 7, 13.25], "texture": "#texture"},
				"west": {"uv": [7.75, 13, 7.5, 13.25], "texture": "#texture", "cullface": "west"},
				"up": {"uv": [0, 13.5, 7, 14.25], "texture": "#texture"},
				"down": {"uv": [15, 14.25, 8, 13.5], "texture": "#texture"}
			}
		},
		{
			"from": [2, 10, 8.5],
			"to": [8, 10.65, 8.65],
			"rotation": {"angle": 0, "axis": "y", "origin": [-0.25, -18.75, 0]},
			"faces": {
				"north": {"uv": [8, 12.25, 15, 13], "texture": "#texture"},
				"south": {"uv": [0, 12.25, 7, 13], "texture": "#texture"},
				"west": {"uv": [8.5, 12.25, 7.75, 13], "texture": "#texture", "cullface": "west"},
				"up": {"uv": [0, 14.25, 7, 14.5], "texture": "#texture"},
				"down": {"uv": [15, 14.5, 8, 14.25], "texture": "#texture"}
			}
		},
		{
			"from": [2, 10.65, 7.725],
			"to": [8, 10.85, 8.525],
			"rotation": {"angle": 0, "axis": "y", "origin": [-0.25, -18.75, 0]},
			"faces": {
				"north": {"uv": [8, 12, 15, 12.25], "texture": "#texture"},
				"south": {"uv": [0, 12, 7, 12.25], "texture": "#texture"},
				"west": {"uv": [7.75, 12, 7.5, 12.25], "texture": "#texture", "cullface": "west"},
				"up": {"uv": [0, 13.5, 7, 14.25], "texture": "#texture"},
				"down": {"uv": [15, 14.25, 8, 13.5], "texture": "#texture"}
			}
		},
		{
			"from": [-0.425, 11.875, 8],
			"to": [-0.1, 12.225, 8.25],
			"rotation": {"angle": 0, "axis": "y", "origin": [-0.25, -17.5, 0]},
			"faces": {
				"north": {"uv": [15.75, 11.25, 15, 11.5], "texture": "#texture", "cullface": "west"},
				"east": {"uv": [7.75, 11.25, 7, 11.5], "texture": "#texture", "cullface": "west"},
				"south": {"uv": [0, 11.25, 1, 11.5], "texture": "#texture", "cullface": "west"},
				"west": {"uv": [8, 11.25, 7.25, 11.5], "texture": "#texture", "cullface": "west"},
				"up": {"uv": [0, 15, 1, 15.25], "texture": "#texture", "cullface": "west"}
			}
		},
		{
			"from": [8.25, 8.975, 7.75],
			"to": [10.925, 11.725, 8.5],
			"rotation": {"angle": 0, "axis": "y", "origin": [-0.25, -18.75, 0]},
			"faces": {
				"north": {"uv": [4.75, 9.25, 7.25, 11], "texture": "#texture"},
				"east": {"uv": [11, 6, 12, 7], "texture": "#texture"},
				"south": {"uv": [8.75, 9.25, 11.25, 11], "texture": "#texture"},
				"west": {"uv": [5.25, 4.25, 7, 6], "texture": "#texture"},
				"up": {"uv": [8.75, 11.25, 11.25, 13], "texture": "#texture"},
				"down": {"uv": [7.25, 13, 4.75, 11.25], "texture": "#texture"}
			}
		},
		{
			"from": [8.25, 9.225, 7.25],
			"to": [10.925, 11.475, 9],
			"rotation": {"angle": 0, "axis": "y", "origin": [-0.25, -18.75, 0]},
			"faces": {
				"north": {"uv": [4.75, 9.25, 7.25, 11], "texture": "#texture"},
				"east": {"uv": [11, 6, 12, 7], "texture": "#texture"},
				"south": {"uv": [8.75, 9.25, 11.25, 11], "texture": "#texture"},
				"west": {"uv": [5.25, 1.25, 7, 3], "texture": "#texture"},
				"up": {"uv": [8.75, 11.25, 11.25, 13], "texture": "#texture"},
				"down": {"uv": [7.25, 13, 4.75, 11.25], "texture": "#texture"}
			}
		},
		{
			"from": [8.25, 9.975, 6.75],
			"to": [10.925, 10.725, 9.5],
			"rotation": {"angle": 0, "axis": "y", "origin": [-0.25, -18.75, 0]},
			"faces": {
				"north": {"uv": [4.75, 9.75, 7.25, 10.5], "texture": "#texture"},
				"east": {"uv": [11, 6, 12, 7], "texture": "#texture"},
				"south": {"uv": [8.75, 9.75, 11.25, 10.5], "texture": "#texture"},
				"west": {"uv": [5, 1.75, 7.25, 2.5], "texture": "#texture"},
				"up": {"uv": [8.75, 11, 11.25, 13.25], "texture": "#texture"},
				"down": {"uv": [7.25, 13.25, 4.75, 11], "texture": "#texture"}
			}
		},
		{
			"from": [8.25, 9.475, 7],
			"to": [10.925, 11.225, 9.25],
			"rotation": {"angle": 0, "axis": "y", "origin": [-0.25, -18.75, 0]},
			"faces": {
				"north": {"uv": [4.75, 9.25, 7.25, 11], "texture": "#texture"},
				"east": {"uv": [11, 6, 12, 7], "texture": "#texture"},
				"south": {"uv": [8.75, 9.25, 11.25, 11], "texture": "#texture"},
				"west": {"uv": [5.25, 1.25, 7, 3], "texture": "#texture"},
				"up": {"uv": [8.75, 11.25, 11.25, 13], "texture": "#texture"},
				"down": {"uv": [7.25, 13, 4.75, 11.25], "texture": "#texture"}
			}
		},
		{
			"from": [12.25, 7.325, 7.75],
			"to": [12.5, 7.6, 8.5],
			"rotation": {"angle": 0, "axis": "y", "origin": [0.25, -0.25, 0]},
			"faces": {
				"north": {"uv": [4.5, 8.75, 4.75, 9], "texture": "#texture"},
				"east": {"uv": [7, 4, 5, 6], "texture": "#texture"},
				"south": {"uv": [11.25, 8.75, 11.5, 9], "texture": "#texture"},
				"west": {"uv": [7.75, 8.75, 8.5, 9], "texture": "#texture"},
				"up": {"uv": [11.25, 7.75, 11.5, 8.5], "texture": "#texture"},
				"down": {"uv": [7, 4, 5, 6], "texture": "#texture"}
			}
		},
		{
			"from": [10.25, 6.675, 7.75],
			"to": [10.5, 6.925, 8.5],
			"rotation": {"angle": 0, "axis": "y", "origin": [0.25, -0.25, 0]},
			"faces": {
				"north": {"uv": [6.25, 8.75, 6.5, 9], "texture": "#texture"},
				"east": {"uv": [7.5, 8.75, 8.25, 9], "texture": "#texture"},
				"south": {"uv": [9.5, 8.75, 9.75, 9], "texture": "#texture"},
				"west": {"uv": [8, 8, 9, 9], "texture": "#texture"},
				"up": {"uv": [9.5, 7.75, 9.75, 8.5], "texture": "#texture"},
				"down": {"uv": [8, 8, 9, 9], "texture": "#texture"}
			}
		},
		{
			"from": [11.75, 6.425, 7.75],
			"to": [12.25, 6.675, 8.5],
			"rotation": {"angle": 0, "axis": "y", "origin": [0.25, -0.25, 0]},
			"faces": {
				"north": {"uv": [4.5, 9, 6.5, 9.25], "texture": "#texture"},
				"east": {"uv": [7.5, 9, 8.25, 9.25], "texture": "#texture"},
				"south": {"uv": [9.5, 9, 11.5, 9.25], "texture": "#texture"},
				"west": {"uv": [7.75, 9, 8.5, 9.25], "texture": "#texture"},
				"up": {"uv": [9.5, 7.75, 11.5, 8.5], "texture": "#texture"},
				"down": {"uv": [6.5, 8.5, 4.5, 7.75], "texture": "#texture"}
			}
		},
		{
			"from": [11.15, 6.6, 7.75],
			"to": [11.75, 6.8, 8.5],
			"rotation": {"angle": 0, "axis": "y", "origin": [0.25, -0.25, 0]},
			"faces": {
				"north": {"uv": [4.5, 9, 6.5, 9.25], "texture": "#texture"},
				"east": {"uv": [7.5, 9, 8.25, 9.25], "texture": "#texture"},
				"south": {"uv": [9.5, 9, 11.5, 9.25], "texture": "#texture"},
				"west": {"uv": [7.75, 9, 8.5, 9.25], "texture": "#texture"},
				"up": {"uv": [9.5, 7.75, 11.5, 8.5], "texture": "#texture"},
				"down": {"uv": [6.5, 8.5, 4.5, 7.75], "texture": "#texture"}
			}
		},
		{
			"from": [10.5, 6.425, 7.75],
			"to": [11.15, 6.675, 8.5],
			"rotation": {"angle": 0, "axis": "y", "origin": [0.25, -0.25, 0]},
			"faces": {
				"north": {"uv": [4.5, 9, 6.5, 9.25], "texture": "#texture"},
				"east": {"uv": [7.5, 9, 8.25, 9.25], "texture": "#texture"},
				"south": {"uv": [9.5, 9, 11.5, 9.25], "texture": "#texture"},
				"west": {"uv": [7.75, 9, 8.5, 9.25], "texture": "#texture"},
				"up": {"uv": [9.5, 7.75, 11.5, 8.5], "texture": "#texture"},
				"down": {"uv": [6.5, 8.5, 4.5, 7.75], "texture": "#texture"}
			}
		},
		{
			"from": [11.9, 7.05, 8],
			"to": [12.15, 9.05, 8.25],
			"rotation": {"angle": -22.5, "axis": "z", "origin": [11.5, 9, 8]},
			"faces": {
				"north": {"uv": [2.5, 8.75, 3, 10], "texture": "#texture"},
				"east": {"uv": [7.75, 8.75, 8, 10], "texture": "#texture"},
				"south": {"uv": [13, 8.75, 13.5, 10], "texture": "#texture"},
				"west": {"uv": [8, 8.75, 8.25, 10], "texture": "#texture"},
				"up": {"uv": [13, 14.5, 13.5, 14.75], "texture": "#texture"},
				"down": {"uv": [12, 9, 13, 10], "texture": "#texture"}
			}
		},
		{
			"from": [12, 6.675, 7.75],
			"to": [12.25, 7.325, 8.5],
			"rotation": {"angle": 0, "axis": "y", "origin": [0.25, -0.25, 0]},
			"faces": {
				"north": {"uv": [4.25, 7.75, 4.5, 9], "texture": "#texture"},
				"east": {"uv": [7.5, 7.75, 8.25, 9], "texture": "#texture"},
				"south": {"uv": [11.5, 7.75, 11.75, 9], "texture": "#texture"},
				"west": {"uv": [7.75, 7.75, 8.5, 9], "texture": "#texture"},
				"up": {"uv": [7, 8, 8, 9], "texture": "#texture"},
				"down": {"uv": [4.5, 8.5, 4.25, 7.75], "texture": "#texture"}
			}
		},
		{
			"from": [12.175, 5.95, 7.75],
			"to": [12.425, 6.75, 8.5],
			"rotation": {"angle": 0, "axis": "y", "origin": [0.25, -0.25, 0]},
			"faces": {
				"north": {"uv": [4.25, 7.75, 4.5, 9], "texture": "#texture"},
				"east": {"uv": [7.5, 7.75, 8.25, 9], "texture": "#texture"},
				"south": {"uv": [11.5, 7.75, 11.75, 9], "texture": "#texture"},
				"west": {"uv": [7.75, 7.75, 8.5, 9], "texture": "#texture"},
				"up": {"uv": [7, 8, 8, 9], "texture": "#texture"},
				"down": {"uv": [4.5, 8.5, 4.25, 7.75], "texture": "#texture"}
			}
		},
		{
			"from": [10, 6.925, 7.75],
			"to": [10.25, 7.7, 8.5],
			"rotation": {"angle": 0, "axis": "y", "origin": [0.25, -0.25, 0]},
			"faces": {
				"north": {"uv": [6.5, 8, 6.75, 9], "texture": "#texture"},
				"east": {"uv": [7.5, 8, 8.25, 9], "texture": "#texture"},
				"south": {"uv": [9.25, 8, 9.5, 9], "texture": "#texture"},
				"west": {"uv": [7.75, 8, 8.5, 9], "texture": "#texture"},
				"up": {"uv": [7, 8, 8, 9], "texture": "#texture"},
				"down": {"uv": [6.75, 8.5, 6.5, 7.75], "texture": "#texture"}
			}
		},
		{
			"from": [10.25, 7.7, 7.75],
			"to": [10.5, 7.95, 8.5],
			"rotation": {"angle": 0, "axis": "y", "origin": [0.25, -0.25, 0]},
			"faces": {
				"north": {"uv": [6.5, 8, 6.75, 9], "texture": "#texture"},
				"east": {"uv": [7.5, 8, 8.25, 9], "texture": "#texture"},
				"south": {"uv": [9.25, 8, 9.5, 9], "texture": "#texture"},
				"west": {"uv": [7.75, 8, 8.5, 9], "texture": "#texture"},
				"up": {"uv": [7, 8, 8, 9], "texture": "#texture"},
				"down": {"uv": [6.75, 8.5, 6.5, 7.75], "texture": "#texture"}
			}
		},
		{
			"from": [-1, 11.6, 7.775],
			"to": [8.25, 11.875, 8.475],
			"rotation": {"angle": 0, "axis": "y", "origin": [4.75, -8.75, 0]},
			"faces": {
				"north": {"uv": [8, 12, 15, 12.25], "texture": "#texture", "cullface": "west"},
				"east": {"uv": [7, 13.75, 8, 14.75], "texture": "#texture"},
				"south": {"uv": [0, 12, 7, 12.25], "texture": "#texture", "cullface": "west"},
				"west": {"uv": [7.75, 12, 7.5, 12.25], "texture": "#texture", "cullface": "west"},
				"up": {"uv": [0, 13.5, 7, 14.25], "texture": "#texture", "cullface": "west"},
				"down": {"uv": [15, 14.25, 8, 13.5], "texture": "#texture", "cullface": "west"}
			}
		},
		{
			"from": [11.45, 10.875, 7.8305],
			"to": [12.675, 11.1, 8.4055],
			"rotation": {"angle": 22.5, "axis": "z", "origin": [12.525, 12.125, 8]},
			"faces": {
				"north": {"uv": [3, 9.75, 2.5, 11], "rotation": 270, "texture": "#texture"},
				"east": {"uv": [0.5, 8.3, 0, 8.8], "rotation": 90, "texture": "#texture"},
				"south": {"uv": [12.5, 9.75, 12, 11], "rotation": 90, "texture": "#texture"},
				"up": {"uv": [8, 9.75, 7.5, 11], "rotation": 90, "texture": "#texture"},
				"down": {"uv": [4.7, 7.35, 4.2, 8.6], "rotation": 90, "texture": "#texture"}
			}
		},
		{
			"from": [12.5, 7.6, 7.475],
			"to": [13, 7.75, 8.775],
			"rotation": {"angle": 0, "axis": "y", "origin": [0.05, -6.5, 0]},
			"faces": {
				"north": {"uv": [1.25, 8.25, 3.25, 8.75], "texture": "#texture"},
				"east": {"uv": [7, 8.25, 8.75, 8.75], "texture": "#texture"},
				"south": {"uv": [12.75, 8.25, 14.75, 8.75], "texture": "#texture"},
				"west": {"uv": [7.25, 8.25, 9, 8.75], "texture": "#texture"},
				"up": {"uv": [12.75, 7.25, 14.75, 9], "texture": "#texture"},
				"down": {"uv": [3.25, 9, 1.25, 7.25], "texture": "#texture"}
			}
		},
		{
			"name": "Element",
			"from": [11.5, 7.75, 7.475],
			"to": [13.35, 8.975, 8.775],
			"rotation": {"angle": 0, "axis": "z", "origin": [11.25, 9.975, 7.375]},
			"faces": {
				"north": {"uv": [4, 12, 6, 10], "texture": "#texture"},
				"east": {"uv": [7, 4, 5, 6], "texture": "#texture", "cullface": "east"},
				"south": {"uv": [6, 12, 4, 10], "texture": "#texture"},
				"west": {"uv": [6, 12, 4, 10], "texture": "#texture"},
				"up": {"uv": [6, 12, 4, 10], "texture": "#texture"},
				"down": {"uv": [7, 4, 5, 6], "texture": "#texture"}
			}
		},
		{
			"name": "Element",
			"from": [10.65, 10.7, 7.475],
			"to": [11.325, 11.625, 8.775],
			"rotation": {"angle": 0, "axis": "y", "origin": [11, 9.975, 7.375]},
			"faces": {
				"north": {"uv": [4, 12, 6, 10], "texture": "#texture"},
				"east": {"uv": [7, 4, 5, 6], "texture": "#texture", "cullface": "east"},
				"south": {"uv": [6, 12, 4, 10], "texture": "#texture"},
				"west": {"uv": [6, 12, 4, 10], "texture": "#texture"},
				"up": {"uv": [6, 12, 4, 10], "texture": "#texture"},
				"down": {"uv": [7, 4, 5, 6], "texture": "#texture"}
			}
		},
		{
			"name": "Element",
			"from": [10.75, 11.625, 7.75],
			"to": [11.325, 11.875, 8.5],
			"rotation": {"angle": 0, "axis": "y", "origin": [11, 9.975, 7.375]},
			"faces": {
				"north": {"uv": [4, 12, 6, 10], "texture": "#texture"},
				"east": {"uv": [7, 4, 5, 6], "texture": "#texture", "cullface": "east"},
				"south": {"uv": [6, 12, 4, 10], "texture": "#texture"},
				"west": {"uv": [6, 12, 4, 10], "texture": "#texture"},
				"up": {"uv": [6, 12, 4, 10], "texture": "#texture"},
				"down": {"uv": [7, 4, 5, 6], "texture": "#texture"}
			}
		},
		{
			"name": "Element",
			"from": [9.9, 10.55, 7.75],
			"to": [11.25, 11.55, 8.5],
			"rotation": {"angle": -45, "axis": "z", "origin": [11, 9.975, 7.375]},
			"faces": {
				"north": {"uv": [5, 11, 7, 9], "texture": "#texture"},
				"east": {"uv": [7, 9, 5, 11], "texture": "#texture", "cullface": "east"},
				"south": {"uv": [7, 11, 5, 9], "texture": "#texture"},
				"west": {"uv": [7, 11, 5, 9], "texture": "#texture"},
				"up": {"uv": [7, 11, 5, 9], "texture": "#texture"},
				"down": {"uv": [7, 9, 5, 11], "texture": "#texture"}
			}
		},
		{
			"name": "Element",
			"from": [10.75, 8.975, 7.475],
			"to": [11.75, 10.7, 8.775],
			"rotation": {"angle": 0, "axis": "y", "origin": [11, 9.975, 7.375]},
			"faces": {
				"north": {"uv": [4, 11, 6, 9], "texture": "#texture"},
				"east": {"uv": [7, 4, 5, 6], "texture": "#texture", "cullface": "east"},
				"south": {"uv": [6, 11, 4, 9], "texture": "#texture"},
				"west": {"uv": [6, 11, 4, 9], "texture": "#texture"},
				"up": {"uv": [6, 11, 4, 9], "texture": "#texture"},
				"down": {"uv": [7, 4, 5, 6], "texture": "#texture"}
			}
		},
		{
			"name": "Element",
			"from": [11.75, 8.975, 7.475],
			"to": [12.45, 9.7, 8.775],
			"rotation": {"angle": 0, "axis": "y", "origin": [11, 9.975, 7.375]},
			"faces": {
				"north": {"uv": [4, 11, 6, 9], "texture": "#texture"},
				"east": {"uv": [7, 4, 5, 6], "texture": "#texture", "cullface": "east"},
				"south": {"uv": [6, 11, 4, 9], "texture": "#texture"},
				"west": {"uv": [6, 11, 4, 9], "texture": "#texture"},
				"up": {"uv": [6, 11, 4, 9], "texture": "#texture"},
				"down": {"uv": [7, 4, 5, 6], "texture": "#texture"}
			}
		},
		{
			"name": "Element",
			"from": [12.45, 8.975, 7.475],
			"to": [12.975, 9.325, 8.775],
			"rotation": {"angle": 0, "axis": "y", "origin": [11.25, 9.975, 7.375]},
			"faces": {
				"north": {"uv": [4, 11, 6, 9], "texture": "#texture"},
				"east": {"uv": [7, 4, 5, 6], "texture": "#texture", "cullface": "east"},
				"south": {"uv": [6, 11, 4, 9], "texture": "#texture"},
				"west": {"uv": [6, 11, 4, 9], "texture": "#texture"},
				"up": {"uv": [6, 11, 4, 9], "texture": "#texture"},
				"down": {"uv": [7, 4, 5, 6], "texture": "#texture"}
			}
		},
		{
			"name": "Element",
			"from": [11.75, 9.7, 7.75],
			"to": [12.3, 10.9, 8.5],
			"rotation": {"angle": 0, "axis": "y", "origin": [11, 9.975, 7.375]},
			"faces": {
				"north": {"uv": [5, 11, 7, 9], "texture": "#texture"},
				"east": {"uv": [7, 9, 5, 11], "texture": "#texture", "cullface": "east"},
				"south": {"uv": [7, 11, 5, 9], "texture": "#texture"},
				"west": {"uv": [7, 11, 5, 9], "texture": "#texture"},
				"up": {"uv": [7, 11, 5, 9], "texture": "#texture"},
				"down": {"uv": [7, 9, 5, 11], "texture": "#texture"}
			}
		},
		{
			"name": "Element",
			"from": [10.425, 7.95, 7.575],
			"to": [11.5, 8.975, 8.675],
			"rotation": {"angle": 0, "axis": "y", "origin": [11.25, 9.975, 7.375]},
			"faces": {
				"north": {"uv": [4, 12, 6, 10], "texture": "#texture"},
				"east": {"uv": [7, 4, 5, 6], "texture": "#texture", "cullface": "east"},
				"south": {"uv": [6, 12, 4, 10], "texture": "#texture"},
				"west": {"uv": [6, 12, 4, 10], "texture": "#texture"},
				"up": {"uv": [6, 12, 4, 10], "texture": "#texture"},
				"down": {"uv": [7, 4, 5, 6], "texture": "#texture"}
			}
		},
		{
			"name": "Element",
			"from": [9.425, 8.2, 7.575],
			"to": [10.425, 8.975, 8.675],
			"rotation": {"angle": 0, "axis": "y", "origin": [11.25, 9.975, 7.375]},
			"faces": {
				"north": {"uv": [4, 12, 6, 10], "texture": "#texture"},
				"east": {"uv": [7, 4, 5, 6], "texture": "#texture", "cullface": "east"},
				"south": {"uv": [6, 12, 4, 10], "texture": "#texture"},
				"west": {"uv": [6, 12, 4, 10], "texture": "#texture"},
				"up": {"uv": [6, 12, 4, 10], "texture": "#texture"},
				"down": {"uv": [7, 4, 5, 6], "texture": "#texture"}
			}
		},
		{
			"name": "Element",
			"from": [8.425, 8.45, 7.575],
			"to": [9.425, 8.975, 8.675],
			"rotation": {"angle": 0, "axis": "y", "origin": [11.25, 9.975, 7.375]},
			"faces": {
				"north": {"uv": [4, 12, 6, 10], "texture": "#texture"},
				"east": {"uv": [7, 4, 5, 6], "texture": "#texture", "cullface": "east"},
				"south": {"uv": [6, 12, 4, 10], "texture": "#texture"},
				"west": {"uv": [6, 12, 4, 10], "texture": "#texture"},
				"up": {"uv": [6, 12, 4, 10], "texture": "#texture"},
				"down": {"uv": [7, 4, 5, 6], "texture": "#texture"}
			}
		},
		{
			"name": "Element",
			"from": [7.5, 8.7, 7.575],
			"to": [8.425, 10.975, 8.675],
			"rotation": {"angle": 0, "axis": "y", "origin": [11, 9.975, 7.375]},
			"faces": {
				"north": {"uv": [4, 11, 6, 8], "texture": "#texture"},
				"east": {"uv": [7, 4, 5, 6], "texture": "#texture", "cullface": "east"},
				"south": {"uv": [6, 11, 4, 8], "texture": "#texture"},
				"west": {"uv": [6, 11, 4, 8], "texture": "#texture"},
				"up": {"uv": [6, 11, 4, 8], "texture": "#texture"},
				"down": {"uv": [7, 4, 5, 6], "texture": "#texture"}
			}
		},
		{
			"from": [13.775, 5.525, 7.45],
			"to": [15.7, 6.525, 8.8],
			"rotation": {"angle": 0, "axis": "y", "origin": [0.05, -6.5, 0]},
			"faces": {
				"north": {"uv": [0.75, 9.5, 1, 11.5], "texture": "#particle"},
				"east": {"uv": [7, 9.5, 8.75, 11.5], "texture": "#particle"},
				"south": {"uv": [15, 9.5, 15.25, 11.5], "texture": "#particle"},
				"west": {"uv": [7, 10, 8, 11], "texture": "#particle"},
				"up": {"uv": [15, 7.25, 15.25, 9], "texture": "#particle"},
				"down": {"uv": [7, 10, 8, 11], "texture": "#particle"}
			}
		},
		{
			"from": [13.175, 7.775, 7.45],
			"to": [14.675, 8.225, 8.8],
			"rotation": {"angle": 0, "axis": "y", "origin": [0.05, -6.5, 0]},
			"faces": {
				"north": {"uv": [1.25, 8.25, 3.25, 8.75], "texture": "#particle"},
				"east": {"uv": [7, 8.25, 8.75, 8.75], "texture": "#particle"},
				"south": {"uv": [12.75, 8.25, 14.75, 8.75], "texture": "#particle"},
				"west": {"uv": [7.25, 8.25, 9, 8.75], "texture": "#particle"},
				"up": {"uv": [12.75, 7.25, 14.75, 9], "texture": "#particle"},
				"down": {"uv": [3.25, 9, 1.25, 7.25], "texture": "#particle"}
			}
		},
		{
			"from": [13, 7.075, 7.45],
			"to": [15, 7.775, 8.8],
			"rotation": {"angle": 0, "axis": "y", "origin": [0.05, -6.5, 0]},
			"faces": {
				"north": {"uv": [1.25, 8.25, 3.25, 8.75], "texture": "#particle"},
				"east": {"uv": [7, 8.25, 8.75, 8.75], "texture": "#particle"},
				"south": {"uv": [12.75, 8.25, 14.75, 8.75], "texture": "#particle"},
				"west": {"uv": [7.25, 8.25, 9, 8.75], "texture": "#particle"},
				"up": {"uv": [12.75, 7.25, 14.75, 9], "texture": "#particle"},
				"down": {"uv": [3.25, 9, 1.25, 7.25], "texture": "#particle"}
			}
		},
		{
			"from": [13.35, 7.75, 7.475],
			"to": [13.8, 8.775, 8.775],
			"rotation": {"angle": 0, "axis": "y", "origin": [0.05, -2.5, 0]},
			"faces": {
				"north": {"uv": [4.5, 9.25, 6.75, 9.5], "texture": "#texture"},
				"east": {"uv": [7, 7.25, 8.75, 7.5], "texture": "#texture"},
				"south": {"uv": [4.25, 9.25, 6.5, 11.5], "texture": "#texture"},
				"west": {"uv": [7.25, 7.25, 9, 7.5], "texture": "#texture"},
				"up": {"uv": [4.25, 9.25, 6.5, 11], "texture": "#texture"}
			}
		},
		{
			"from": [13.5, 8.225, 7.45],
			"to": [14.275, 8.5, 8.8],
			"rotation": {"angle": 0, "axis": "y", "origin": [0.05, -6.5, 0]},
			"faces": {
				"north": {"uv": [1.5, 7.5, 3.75, 8.25], "texture": "#particle"},
				"east": {"uv": [7, 7.5, 8.75, 8.25], "texture": "#particle"},
				"south": {"uv": [12.25, 7.5, 14.5, 8.25], "texture": "#particle"},
				"west": {"uv": [7.25, 7.5, 9, 8.25], "texture": "#particle"},
				"up": {"uv": [2, 7, 3, 8], "texture": "#particle"},
				"down": {"uv": [3.75, 9, 1.5, 7.25], "texture": "#particle"}
			}
		},
		{
			"from": [14.1, 4.275, 7.45],
			"to": [15.175, 4.525, 8.8],
			"rotation": {"angle": 0, "axis": "y", "origin": [0.2, -6.5, 0]},
			"faces": {
				"north": {"uv": [1.25, 9.5, 1.5, 11.5], "texture": "#texture"},
				"east": {"uv": [7, 9.5, 8.75, 11.5], "texture": "#texture"},
				"south": {"uv": [15, 9.5, 15.25, 11.5], "texture": "#texture"},
				"west": {"uv": [7, 10, 8, 11], "texture": "#texture"},
				"up": {"uv": [15, 7.25, 15.25, 9], "texture": "#texture"},
				"down": {"uv": [7, 10, 8, 11], "texture": "#texture"}
			}
		},
		{
			"from": [15.175, 4.425, 7.45],
			"to": [15.95, 4.675, 8.8],
			"rotation": {"angle": 0, "axis": "y", "origin": [0.2, -6.5, 0]},
			"faces": {
				"north": {"uv": [1.25, 9.5, 1.5, 11.5], "texture": "#texture"},
				"east": {"uv": [7, 9.5, 8.75, 11.5], "texture": "#texture"},
				"south": {"uv": [15, 9.5, 15.25, 11.5], "texture": "#texture"},
				"west": {"uv": [7, 10, 8, 11], "texture": "#texture"},
				"up": {"uv": [15, 7.25, 15.25, 9], "texture": "#texture"},
				"down": {"uv": [7, 10, 8, 11], "texture": "#texture"}
			}
		},
		{
			"from": [14.95, 4.125, 7.95],
			"to": [15.275, 4.625, 8.3],
			"rotation": {"angle": 0, "axis": "y", "origin": [0.275, -6.4, 0]},
			"faces": {
				"north": {"uv": [1.25, 9.5, 1.5, 11.5], "texture": "#texture"},
				"east": {"uv": [7, 9.5, 8.75, 11.5], "texture": "#texture"},
				"south": {"uv": [15, 9.5, 15.25, 11.5], "texture": "#texture"},
				"west": {"uv": [8, 10, 9, 11], "texture": "#texture"},
				"up": {"uv": [15, 7.25, 15.25, 9], "texture": "#texture"},
				"down": {"uv": [8, 10, 9, 11], "texture": "#texture"}
			}
		},
		{
			"from": [3.2, 11.45, 7.95],
			"to": [3.975, 11.65, 8.3],
			"rotation": {"angle": -45, "axis": "z", "origin": [0.275, -6.4, 0]},
			"faces": {
				"north": {"uv": [1.25, 11.5, 1.5, 9.5], "texture": "#texture"},
				"east": {"uv": [7, 9.5, 8.75, 11.5], "texture": "#texture"},
				"south": {"uv": [15, 11.5, 15.25, 9.5], "texture": "#texture"},
				"west": {"uv": [7, 10, 8, 11], "texture": "#texture"},
				"up": {"uv": [12.9, 8.05, 12.05, 8.8], "texture": "#texture"},
				"down": {"uv": [7, 10, 8, 11], "texture": "#texture"}
			}
		},
		{
			"from": [3.2, 10.675, 7.95],
			"to": [4.175, 10.875, 8.3],
			"rotation": {"angle": -45, "axis": "z", "origin": [0.275, -6.4, 0]},
			"faces": {
				"north": {"uv": [1.25, 9.5, 1.5, 11.5], "texture": "#texture"},
				"east": {"uv": [14, 6.2, 14.85, 6.9], "texture": "#texture"},
				"south": {"uv": [15, 9.5, 15.25, 11.5], "texture": "#texture"},
				"west": {"uv": [3, 10, 4, 11], "texture": "#texture"},
				"up": {"uv": [12, 8, 13, 9], "texture": "#texture"},
				"down": {"uv": [3, 10, 4, 11], "texture": "#texture"}
			}
		},
		{
			"from": [3.2, 10.875, 7.95],
			"to": [3.4, 11.45, 8.3],
			"rotation": {"angle": -45, "axis": "z", "origin": [0.275, -6.4, 0]},
			"faces": {
				"north": {"uv": [1.25, 9.5, 1.5, 11.5], "rotation": 270, "texture": "#texture"},
				"east": {"uv": [15, 7.25, 15.25, 9], "rotation": 90, "texture": "#texture"},
				"south": {"uv": [15, 9.5, 15.25, 11.5], "rotation": 90, "texture": "#texture"},
				"west": {"uv": [8, 10, 9, 11], "rotation": 90, "texture": "#texture"},
				"up": {"uv": [8, 10, 9, 11], "rotation": 90, "texture": "#texture"},
				"down": {"uv": [7, 9.5, 8.75, 11.5], "rotation": 90, "texture": "#texture"}
			}
		},
		{
			"from": [3.975, 10.875, 7.95],
			"to": [4.175, 11.65, 8.3],
			"rotation": {"angle": -45, "axis": "z", "origin": [0.275, -6.4, 0]},
			"faces": {
				"north": {"uv": [1.25, 11.5, 1.5, 9.5], "rotation": 270, "texture": "#texture"},
				"east": {"uv": [14, 6.25, 15, 6.9], "rotation": 90, "texture": "#texture"},
				"south": {"uv": [15.25, 11.5, 15, 9.5], "rotation": 90, "texture": "#texture"},
				"west": {"uv": [12, 8, 13, 9], "rotation": 90, "texture": "#texture"},
				"up": {"uv": [12, 8, 13, 9], "rotation": 90, "texture": "#texture"},
				"down": {"uv": [7, 9.5, 8.75, 11.5], "rotation": 90, "texture": "#texture"}
			}
		},
		{
			"from": [15.175, 4.675, 7.45],
			"to": [16.025, 5.7, 8.8],
			"rotation": {"angle": 0, "axis": "y", "origin": [0.05, -6.5, 0]},
			"faces": {
				"north": {"uv": [0.75, 9.5, 1, 11.5], "texture": "#particle"},
				"east": {"uv": [7, 9.5, 8.75, 11.5], "texture": "#particle"},
				"south": {"uv": [15, 9.5, 15.25, 11.5], "texture": "#particle"},
				"west": {"uv": [7, 10, 8, 11], "texture": "#particle"},
				"up": {"uv": [15, 7.25, 15.25, 9], "texture": "#particle"},
				"down": {"uv": [7, 10, 8, 11], "texture": "#particle"}
			}
		},
		{
			"from": [14.05, 4.525, 7.45],
			"to": [15.175, 5.7, 8.8],
			"rotation": {"angle": 0, "axis": "y", "origin": [0.05, -6.5, 0]},
			"faces": {
				"north": {"uv": [0.75, 9.5, 1, 11.5], "texture": "#particle"},
				"east": {"uv": [7, 9.5, 8.75, 11.5], "texture": "#particle"},
				"south": {"uv": [15, 9.5, 15.25, 11.5], "texture": "#particle"},
				"west": {"uv": [7, 10, 8, 11], "texture": "#particle"},
				"up": {"uv": [15, 7.25, 15.25, 9], "texture": "#particle"},
				"down": {"uv": [7, 10, 8, 11], "texture": "#particle"}
			}
		},
		{
			"from": [13.425, 6.275, 7.45],
			"to": [15.375, 7.275, 8.8],
			"rotation": {"angle": 0, "axis": "y", "origin": [0.05, -6.5, 0]},
			"faces": {
				"north": {"uv": [1, 8.75, 3, 11.5], "texture": "#particle"},
				"east": {"uv": [7, 8.75, 8.75, 11.5], "texture": "#particle"},
				"south": {"uv": [13, 8.75, 15, 11.5], "texture": "#particle"},
				"west": {"uv": [7.25, 8.75, 9, 11.5], "texture": "#particle"},
				"up": {"uv": [13, 7.25, 15, 9], "texture": "#particle"},
				"down": {"uv": [3, 9, 1, 7.25], "texture": "#particle"}
			}
		},
		{
			"from": [-1, 10.975, 7.575],
			"to": [8.25, 11.675, 7.85],
			"rotation": {"angle": 0, "axis": "y", "origin": [4.75, -8.75, 0]},
			"faces": {
				"north": {"uv": [8, 12.25, 15, 13], "texture": "#texture", "cullface": "west"},
				"east": {"uv": [3, 10.75, 3, 11.75], "texture": "#texture"},
				"south": {"uv": [0, 12.25, 7, 13], "texture": "#texture", "cullface": "west"},
				"west": {"uv": [7.5, 12.25, 6.75, 13], "texture": "#texture", "cullface": "west"},
				"up": {"uv": [0, 13.25, 7, 13.5], "texture": "#texture", "cullface": "west"},
				"down": {"uv": [15, 13.5, 8, 13.25], "texture": "#texture", "cullface": "west"}
			}
		},
		{
			"from": [-1, 10.775, 7.775],
			"to": [8.25, 11.05, 8.475],
			"rotation": {"angle": 0, "axis": "y", "origin": [4.75, -8.75, 0]},
			"faces": {
				"north": {"uv": [8, 13, 15, 13.25], "texture": "#texture", "cullface": "west"},
				"south": {"uv": [0, 13, 7, 13.25], "texture": "#texture", "cullface": "west"},
				"west": {"uv": [7.75, 13, 7.5, 13.25], "texture": "#texture", "cullface": "west"},
				"up": {"uv": [0, 13.5, 7, 14.25], "texture": "#texture", "cullface": "west"},
				"down": {"uv": [15, 14.25, 8, 13.5], "texture": "#texture", "cullface": "west"}
			}
		},
		{
			"from": [-1, 10.975, 8.4],
			"to": [8.25, 11.675, 8.675],
			"rotation": {"angle": 0, "axis": "y", "origin": [4.75, -8.75, 0]},
			"faces": {
				"north": {"uv": [8, 12.25, 15, 13], "texture": "#texture", "cullface": "west"},
				"east": {"uv": [3, 10.75, 4, 11.75], "texture": "#texture"},
				"south": {"uv": [0, 12.25, 7, 13], "texture": "#texture", "cullface": "west"},
				"west": {"uv": [8.5, 12.25, 7.75, 13], "texture": "#texture", "cullface": "west"},
				"up": {"uv": [0, 14.25, 7, 14.5], "texture": "#texture", "cullface": "west"},
				"down": {"uv": [15, 14.5, 8, 14.25], "texture": "#texture", "cullface": "west"}
			}
		},
		{
			"from": [-0.5, 10.775, 7.075],
			"to": [8, 11.35, 7.375],
			"rotation": {"angle": 0, "axis": "y", "origin": [-0.25, -17.5, 0]},
			"faces": {
				"north": {"uv": [8, 12.25, 15, 13], "texture": "#texture", "cullface": "west"},
				"east": {"uv": [7, 11.75, 7, 12.75], "texture": "#texture"},
				"south": {"uv": [0, 12.25, 7, 13], "texture": "#texture", "cullface": "west"},
				"west": {"uv": [7.5, 12.25, 6.75, 13], "texture": "#texture", "cullface": "west"},
				"up": {"uv": [0, 13.25, 7, 13.5], "texture": "#texture", "cullface": "west"},
				"down": {"uv": [15, 13.5, 8, 13.25], "texture": "#texture", "cullface": "west"}
			}
		},
		{
			"from": [6.5, 10.75, 6.9],
			"to": [7.75, 11.375, 7.575],
			"rotation": {"angle": 0, "axis": "y", "origin": [-0.25, -17.5, 0]},
			"faces": {
				"north": {"uv": [8, 12.25, 15, 13], "texture": "#texture", "cullface": "west"},
				"east": {"uv": [7, 13, 7, 14], "texture": "#texture"},
				"south": {"uv": [0, 12.25, 7, 13], "texture": "#texture", "cullface": "west"},
				"west": {"uv": [7.5, 12.25, 6.75, 13], "texture": "#texture", "cullface": "west"},
				"up": {"uv": [0, 14.5, 7, 14.75], "texture": "#texture", "cullface": "west"},
				"down": {"uv": [15, 14.75, 8, 14.5], "texture": "#texture", "cullface": "west"}
			}
		},
		{
			"from": [6.75, 9.5, 7.225],
			"to": [7.5, 11, 7.7],
			"rotation": {"angle": 0, "axis": "y", "origin": [-0.25, -17.5, 0]},
			"faces": {
				"north": {"uv": [8, 12.25, 15, 13], "texture": "#texture", "cullface": "west"},
				"east": {"uv": [7, 13, 7, 14], "texture": "#texture"},
				"south": {"uv": [0, 12.25, 7, 13], "texture": "#texture", "cullface": "west"},
				"west": {"uv": [7.5, 12.25, 6.75, 13], "texture": "#texture", "cullface": "west"},
				"up": {"uv": [0, 14.5, 7, 14.75], "texture": "#texture", "cullface": "west"},
				"down": {"uv": [15, 14.75, 8, 14.5], "texture": "#texture", "cullface": "west"}
			}
		},
		{
			"from": [7, 9.25, 7.225],
			"to": [8.25, 9.75, 7.7],
			"rotation": {"angle": 0, "axis": "y", "origin": [-0.25, -17.5, 0]},
			"faces": {
				"north": {"uv": [8, 12.25, 15, 13], "texture": "#texture", "cullface": "west"},
				"east": {"uv": [7, 13, 7, 14], "texture": "#texture"},
				"south": {"uv": [0, 12.25, 7, 13], "texture": "#texture", "cullface": "west"},
				"west": {"uv": [7.5, 12.25, 6.75, 13], "texture": "#texture", "cullface": "west"},
				"up": {"uv": [0, 14.5, 7, 14.75], "texture": "#texture", "cullface": "west"},
				"down": {"uv": [15, 14.75, 8, 14.5], "texture": "#texture", "cullface": "west"}
			}
		},
		{
			"from": [-0.5, 10.9, 6.95],
			"to": [8, 11.225, 7.5],
			"rotation": {"angle": 0, "axis": "y", "origin": [-0.25, -17.5, 0]},
			"faces": {
				"north": {"uv": [8, 12.25, 15, 13], "texture": "#texture", "cullface": "west"},
				"east": {"uv": [7, 11.75, 7, 12.75], "texture": "#texture"},
				"south": {"uv": [0, 12.25, 7, 13], "texture": "#texture", "cullface": "west"},
				"west": {"uv": [7.5, 12.25, 6.75, 13], "texture": "#texture", "cullface": "west"},
				"up": {"uv": [0, 13.25, 7, 13.5], "texture": "#texture", "cullface": "west"},
				"down": {"uv": [15, 13.5, 8, 13.25], "texture": "#texture", "cullface": "west"}
			}
		},
		{
			"from": [10.7, 3.3, 6],
			"to": [21.7, 7.3, 10],
			"faces": {
				"north": {"uv": [11, 5, 12, 8], "rotation": 270, "texture": "#2"},
				"east": {"uv": [11, 4, 12, 5], "rotation": 180, "texture": "#2"},
				"south": {"uv": [10, 5, 11, 8], "rotation": 90, "texture": "#2"},
				"west": {"uv": [12, 4, 13, 5], "texture": "#2"},
				"up": {"uv": [12, 5, 13, 8], "rotation": 90, "texture": "#2"},
				"down": {"uv": [13, 5, 14, 8], "rotation": 90, "texture": "#2"}
			}
		}
	],
	"gui_light": "front",
	"display": {
		"thirdperson_righthand": {
			"rotation": [0, -90, 0],
			"translation": [0, 0, -2.75],
			"scale": [0.78, 0.77, 0.77]
		},
		"thirdperson_lefthand": {
			"rotation": [0, 90, 0],
			"translation": [0, 0, -2.75],
			"scale": [0.78, 0.77, 0.77]
		},
		"firstperson_righthand": {
			"rotation": [0, -90, 0],
			"translation": [-9, 4.5, -0.25],
			"scale": [0.88, 0.86, 0.88]
		},
		"firstperson_lefthand": {
			"rotation": [0, 90, 0],
			"translation": [0, 2, -2.25],
			"scale": [0.88, 0.86, 0.88]
		},
		"ground": {
			"translation": [0, 0.25, 0]
		},
		"gui": {
			"rotation": [173.08, 25.97, 149.49],
			"translation": [0.75, 0, 0],
			"scale": [1.1, 1.1, 1.1]
		},
		"fixed": {
			"rotation": [0, 180, -45],
			"translation": [1.5, 0.5, 0],
			"scale": [1.12, 1.12, 0.99]
		}
	}
}