{
	"credit": "Made by SrDarmith - YouTube: Mainclay",
	"textures": {
		"1": "block/anvil",
		"particle": "block/bongo_bongo",
		"texture": "block/bongo_bongo"
	},
	"elements": [
		{
			"from": [-0.1375, 10, 4.95],
			"to": [3.8625, 16, 10.95],
			"rotation": {"angle": 0, "axis": "y", "origin": [-0.075, 0, 0.95]},
			"faces": {
				"north": {"uv": [7, 1, 2, 6], "texture": "#texture"},
				"east": {"uv": [2, 1, 7, 6], "texture": "#texture"},
				"south": {"uv": [2, 1, 7, 6], "texture": "#texture"},
				"west": {"uv": [2, 1, 7, 6], "texture": "#texture"},
				"up": {"uv": [2, 1, 7, 6], "texture": "#texture"},
				"down": {"uv": [2, 1, 7, 6], "texture": "#texture"}
			}
		},
		{
			"from": [3.925, 11, 5.95],
			"to": [11.925, 15, 9.95],
			"rotation": {"angle": 0, "axis": "y", "origin": [-0.075, 0, 0.95]},
			"faces": {
				"north": {"uv": [1.5, 1, 8, 6], "texture": "#texture"},
				"south": {"uv": [1, 1.5, 8.5, 5.5], "texture": "#texture"},
				"up": {"uv": [2, 1, 5.5, 5], "texture": "#texture"},
				"down": {"uv": [0.5, 6, 7.5, 1.5], "texture": "#texture"}
			}
		},
		{
			"from": [3.8411, 15.48, 4.95],
			"to": [5.8411, 15.98, 10.95],
			"rotation": {"angle": -45, "axis": "z", "origin": [3.84106, 15.98, 4.95]},
			"faces": {
				"north": {"uv": [3.75, 2, 4.25, 3], "texture": "#texture"},
				"east": {"uv": [1.5, 0.5, 9, 7], "texture": "#texture"},
				"south": {"uv": [3.75, 2, 4.25, 3], "texture": "#texture"},
				"up": {"uv": [2, 1, 5.5, 5], "texture": "#texture"},
				"down": {"uv": [0.5, 6, 7.5, 1.5], "texture": "#texture"}
			}
		},
		{
			"from": [3.55, 9.875, 4.95],
			"to": [5.55, 10.375, 10.95],
			"rotation": {"angle": 45, "axis": "z", "origin": [3.55, 10.375, 4.95]},
			"faces": {
				"north": {"uv": [3.75, 3, 4.25, 4], "texture": "#texture"},
				"east": {"uv": [1.5, 0.5, 9, 7], "texture": "#texture"},
				"south": {"uv": [3.75, 4, 4.25, 5], "texture": "#texture"},
				"up": {"uv": [2, 1, 5.5, 5], "texture": "#texture"},
				"down": {"uv": [0.5, 6, 7.5, 1.5], "texture": "#texture"}
			}
		},
		{
			"from": [4.6125, 11.4375, 10.2625],
			"to": [6.1125, 14.5625, 11.2625],
			"rotation": {"angle": 45, "axis": "y", "origin": [4.6125, 11.4375, 10.2625]},
			"faces": {
				"north": {"uv": [1.5, 1, 8, 6], "texture": "#texture"},
				"south": {"uv": [1, 1.5, 8.5, 5.5], "texture": "#texture"},
				"west": {"uv": [1.5, 2, 7, 6], "texture": "#texture"},
				"up": {"uv": [2, 1, 5.5, 5], "texture": "#texture"},
				"down": {"uv": [0.5, 6, 7.5, 1.5], "texture": "#texture"}
			}
		},
		{
			"from": [3.4875, 10.6875, 10.45],
			"to": [4.4875, 15.3125, 10.95],
			"rotation": {"angle": 0, "axis": "y", "origin": [-0.075, 0, 0.95]},
			"faces": {
				"north": {"uv": [1.5, 1, 1, 6], "texture": "#texture"},
				"east": {"uv": [1.5, 0.5, 2, 7], "texture": "#texture"},
				"south": {"uv": [1, 1.5, 1.5, 5.5], "texture": "#texture"},
				"up": {"uv": [0, 1, 0.5, 5], "texture": "#texture"},
				"down": {"uv": [0.5, 6, 0.5, 1.5], "texture": "#texture"}
			}
		},
		{
			"from": [4.425, 11.1875, 10.45],
			"to": [4.925, 14.875, 10.95],
			"rotation": {"angle": 0, "axis": "y", "origin": [-0.075, 0, 0.95]},
			"faces": {
				"north": {"uv": [1.5, 1, 1, 6], "texture": "#texture"},
				"east": {"uv": [1.5, 0.5, 2, 7], "texture": "#texture"},
				"south": {"uv": [1, 1.5, 1.5, 5.5], "texture": "#texture"},
				"up": {"uv": [0, 1, 0.5, 5], "texture": "#texture"},
				"down": {"uv": [0.5, 6, 0.5, 1.5], "texture": "#texture"}
			}
		},
		{
			"from": [4.8625, 11.4375, 10.45],
			"to": [5.3, 14.5625, 10.95],
			"rotation": {"angle": 0, "axis": "y", "origin": [-0.075, 0, 0.95]},
			"faces": {
				"north": {"uv": [1.5, 1, 1, 6], "texture": "#texture"},
				"east": {"uv": [1.5, 0.5, 2, 7], "texture": "#texture"},
				"south": {"uv": [1, 1.5, 1.5, 5.5], "texture": "#texture"},
				"up": {"uv": [0, 1, 0.5, 5], "texture": "#texture"},
				"down": {"uv": [0.5, 6, 0.5, 1.5], "texture": "#texture"}
			}
		},
		{
			"from": [11.925, 10, 4.95],
			"to": [15.925, 16, 10.95],
			"rotation": {"angle": 0, "axis": "y", "origin": [-0.075, 0, 0.95]},
			"faces": {
				"north": {"uv": [2, 1, 7, 6], "texture": "#texture"},
				"east": {"uv": [2, 1, 7, 6], "texture": "#texture"},
				"south": {"uv": [7, 1, 2, 6], "texture": "#texture"},
				"west": {"uv": [2, 1, 7, 6], "texture": "#texture"},
				"up": {"uv": [2, 1, 7, 6], "texture": "#texture"},
				"down": {"uv": [2, 1, 7, 6], "texture": "#texture"}
			}
		},
		{
			"from": [5.3, 11.4375, 4.95],
			"to": [6.8, 14.5625, 5.95],
			"rotation": {"angle": -45, "axis": "y", "origin": [5.3, 11.4375, 4.95]},
			"faces": {
				"north": {"uv": [1.5, 1, 8, 6], "texture": "#texture"},
				"south": {"uv": [1, 1.5, 8.5, 5.5], "texture": "#texture"},
				"up": {"uv": [2, 1, 5.5, 5], "texture": "#texture"},
				"down": {"uv": [0.5, 6, 7.5, 1.5], "texture": "#texture"}
			}
		},
		{
			"from": [3.8, 10.675, 4.95],
			"to": [4.3625, 15.375, 5.95],
			"rotation": {"angle": 0, "axis": "y", "origin": [-0.075, 0, 0.95]},
			"faces": {
				"north": {"uv": [1.5, 1, 1, 6], "texture": "#texture"},
				"east": {"uv": [1.5, 0.5, 2, 7], "texture": "#texture"},
				"south": {"uv": [1, 1.5, 1.5, 5.5], "texture": "#texture"},
				"up": {"uv": [0, 1, 0.5, 5], "texture": "#texture"},
				"down": {"uv": [0.5, 6, 0.5, 1.5], "texture": "#texture"}
			}
		},
		{
			"from": [4.2375, 11.0625, 4.95],
			"to": [4.7375, 14.8125, 5.95],
			"rotation": {"angle": 0, "axis": "y", "origin": [-0.075, 0, 0.95]},
			"faces": {
				"north": {"uv": [1.5, 1, 1, 6], "texture": "#texture"},
				"east": {"uv": [1.5, 0.5, 2, 7], "texture": "#texture"},
				"up": {"uv": [0, 1, 0.5, 5], "texture": "#texture"},
				"down": {"uv": [0.5, 6, 0.5, 1.5], "texture": "#texture"}
			}
		},
		{
			"from": [4.675, 11.4375, 4.95],
			"to": [5.3, 14.5625, 5.95],
			"rotation": {"angle": 0, "axis": "y", "origin": [-0.075, 0, 0.95]},
			"faces": {
				"north": {"uv": [1.5, 1, 1, 6], "texture": "#texture"},
				"east": {"uv": [1.5, 0.5, 2, 7], "texture": "#texture"},
				"up": {"uv": [0, 1, 0.5, 5], "texture": "#texture"},
				"down": {"uv": [0.5, 6, 0.5, 1.5], "texture": "#texture"}
			}
		},
		{
			"from": [10.175, 11.4375, 9.2],
			"to": [11.675, 14.5625, 10.2],
			"rotation": {"angle": -45, "axis": "y", "origin": [10.175, 11.4375, 9.2]},
			"faces": {
				"north": {"uv": [1.5, 1, 8, 6], "texture": "#texture"},
				"south": {"uv": [1, 1.5, 8.5, 5.5], "texture": "#texture"},
				"up": {"uv": [2, 1, 5.5, 5], "texture": "#texture"},
				"down": {"uv": [0.5, 6, 7.5, 1.5], "texture": "#texture"}
			}
		},
		{
			"from": [9.4875, 11.4375, 6.0125],
			"to": [10.9875, 14.5625, 7.0125],
			"rotation": {"angle": 45, "axis": "y", "origin": [9.4875, 11.4375, 6.0125]},
			"faces": {
				"north": {"uv": [1.5, 1, 8, 6], "texture": "#texture"},
				"south": {"uv": [1, 1.5, 8.5, 5.5], "texture": "#texture"},
				"up": {"uv": [2, 1, 5.5, 5], "texture": "#texture"},
				"down": {"uv": [0.5, 6, 7.5, 1.5], "texture": "#texture"}
			}
		},
		{
			"from": [10.4875, 14.085, 4.95],
			"to": [12.4875, 14.585, 10.95],
			"rotation": {"angle": 45, "axis": "z", "origin": [10.4875, 14.585, 4.95]},
			"faces": {
				"north": {"uv": [3.75, 2, 4.25, 3], "texture": "#texture"},
				"south": {"uv": [3.75, 2, 4.25, 3], "texture": "#texture"},
				"up": {"uv": [2, 1, 5.5, 5], "texture": "#texture"},
				"down": {"uv": [0.5, 6, 7.5, 1.5], "texture": "#texture"}
			}
		},
		{
			"from": [10.8411, 11.27, 4.95],
			"to": [12.8411, 11.77, 10.95],
			"rotation": {"angle": -45, "axis": "z", "origin": [10.8411, 11.77, 4.95]},
			"faces": {
				"north": {"uv": [3.75, 3, 4.25, 4], "texture": "#texture"},
				"south": {"uv": [3.75, 4, 4.25, 5], "texture": "#texture"},
				"up": {"uv": [2, 1, 5.5, 5], "texture": "#texture"},
				"down": {"uv": [0.5, 6, 7.5, 1.5], "texture": "#texture"}
			}
		},
		{
			"from": [11.55, 10.5, 4.95],
			"to": [12.55, 15.5, 10.95],
			"rotation": {"angle": 0, "axis": "y", "origin": [-0.075, 0, 0.95]},
			"faces": {
				"north": {"uv": [1.5, 1, 1.25, 6], "texture": "#texture"},
				"south": {"uv": [1, 1.5, 1.75, 5.5], "texture": "#texture"},
				"west": {"uv": [0.75, 2, 1, 6], "texture": "#texture"},
				"up": {"uv": [1.25, 1, 0, 5], "texture": "#texture"},
				"down": {"uv": [0.5, 6, 0.75, 1.5], "texture": "#texture"}
			}
		},
		{
			"from": [11.05, 11.075, 4.95],
			"to": [11.55, 15.0625, 10.95],
			"rotation": {"angle": 0, "axis": "y", "origin": [-0.075, 0, 0.95]},
			"faces": {
				"north": {"uv": [1.5, 1, 1.25, 6], "texture": "#texture"},
				"south": {"uv": [1, 1.5, 1.75, 5.5], "texture": "#texture"},
				"west": {"uv": [0.75, 2, 1, 6], "texture": "#texture"},
				"up": {"uv": [1.25, 1, 0, 5], "texture": "#texture"},
				"down": {"uv": [0.5, 6, 0.75, 1.5], "texture": "#texture"}
			}
		},
		{
			"from": [10.55, 11.4375, 4.95],
			"to": [11.55, 14.625, 10.95],
			"rotation": {"angle": 0, "axis": "y", "origin": [-0.075, 0, 0.95]},
			"faces": {
				"north": {"uv": [1.5, 1, 1.25, 6], "texture": "#texture"},
				"south": {"uv": [1, 1.5, 1.75, 5.5], "texture": "#texture"},
				"west": {"uv": [0.75, 2, 1, 6], "texture": "#texture"},
				"up": {"uv": [1.25, 1, 0, 5], "texture": "#texture"},
				"down": {"uv": [0.5, 6, 0.75, 1.5], "texture": "#texture"}
			}
		},
		{
			"from": [6.525, 8.6875, 6.825],
			"to": [9.375, 15.4375, 9.2],
			"rotation": {"angle": 0, "axis": "y", "origin": [-0.075, 0, 0.95]},
			"faces": {
				"north": {"uv": [12.5, 0, 15.5, 3.5], "texture": "#1"},
				"east": {"uv": [12.5, 0, 15.5, 3.5], "texture": "#1"},
				"south": {"uv": [12.5, 0, 15.5, 3.5], "texture": "#1"},
				"west": {"uv": [12.5, 0, 15.5, 3.5], "texture": "#1"},
				"up": {"uv": [12.5, 0, 15.5, 3.5], "texture": "#1"}
			}
		},
		{
			"from": [6.775, 8.6875, 6.575],
			"to": [9.125, 15.4375, 9.45],
			"rotation": {"angle": 0, "axis": "y", "origin": [-0.075, 0, 0.95]},
			"faces": {
				"north": {"uv": [12.5, 0, 15.5, 3.5], "texture": "#1"},
				"east": {"uv": [12.5, 0, 15.5, 3.5], "texture": "#1"},
				"south": {"uv": [12.5, 0, 15.5, 3.5], "texture": "#1"},
				"west": {"uv": [12.5, 0, 15.5, 3.5], "texture": "#1"},
				"up": {"uv": [12.5, 0, 15.5, 3.5], "texture": "#1"}
			}
		},
		{
			"from": [6.6875, 3, 7.0125],
			"to": [9.1875, 8.5, 9.0125],
			"rotation": {"angle": 0, "axis": "y", "origin": [-0.075, 0, 0.95]},
			"faces": {
				"north": {"uv": [12.5, 1, 15.5, 3.5], "texture": "#1"},
				"east": {"uv": [12.5, 1, 15.5, 3.5], "texture": "#1"},
				"south": {"uv": [12.5, 1, 15.5, 3.5], "texture": "#1"},
				"west": {"uv": [12.5, 1, 15.5, 3.5], "texture": "#1"}
			}
		},
		{
			"from": [6.9375, 3, 6.7625],
			"to": [8.9375, 8.5, 9.2625],
			"rotation": {"angle": 0, "axis": "y", "origin": [-0.075, 0, 0.95]},
			"faces": {
				"north": {"uv": [12.5, 1, 15.5, 3.5], "texture": "#1"},
				"east": {"uv": [12.5, 1, 15.5, 3.5], "texture": "#1"},
				"south": {"uv": [12.5, 1, 15.5, 3.5], "texture": "#1"},
				"west": {"uv": [12.5, 1, 15.5, 3.5], "texture": "#1"}
			}
		},
		{
			"from": [6.95, 14.875, 6.9875],
			"to": [8.95, 15.875, 9.05],
			"rotation": {"angle": 0, "axis": "y", "origin": [-0.075, 0, 0.95]},
			"faces": {
				"north": {"uv": [6, 11, 8, 13], "texture": "#texture"},
				"east": {"uv": [6, 11, 8, 13], "texture": "#texture"},
				"south": {"uv": [6, 11, 8, 13], "texture": "#texture"},
				"west": {"uv": [6, 11, 8, 13], "texture": "#texture"},
				"up": {"uv": [6, 11, 8, 13], "texture": "#texture"}
			}
		},
		{
			"from": [7.2125, 15.5625, 7.2625],
			"to": [8.7125, 16.0625, 8.7625],
			"rotation": {"angle": 0, "axis": "y", "origin": [-0.075, 0, 0.95]},
			"faces": {
				"north": {"uv": [6, 11, 8, 13], "texture": "#texture"},
				"east": {"uv": [6, 11, 8, 13], "texture": "#texture"},
				"south": {"uv": [6, 11, 8, 13], "texture": "#texture"},
				"west": {"uv": [6, 11, 8, 13], "texture": "#texture"},
				"up": {"uv": [6, 11, 8, 13], "texture": "#texture"}
			}
		},
		{
			"from": [7.2125, -9.7375, 7.2625],
			"to": [8.7375, -9.2375, 8.7625],
			"rotation": {"angle": 0, "axis": "y", "origin": [-0.075, 0, 0.95]},
			"faces": {
				"north": {"uv": [6, 11, 8, 13], "texture": "#texture"},
				"east": {"uv": [6, 11, 8, 13], "texture": "#texture"},
				"south": {"uv": [6, 11, 8, 13], "texture": "#texture"},
				"west": {"uv": [6, 11, 8, 13], "texture": "#texture"},
				"up": {"uv": [6, 11, 8, 13], "texture": "#texture"},
				"down": {"uv": [6, 11, 8, 13], "texture": "#texture"}
			}
		},
		{
			"from": [6.6125, 8, 6.3875],
			"to": [9.3, 9, 9.6375],
			"rotation": {"angle": 0, "axis": "y", "origin": [-0.075, 0, 0.95]},
			"faces": {
				"north": {"uv": [4, 12, 6, 10], "texture": "#texture"},
				"east": {"uv": [4, 12, 6, 10], "texture": "#texture"},
				"south": {"uv": [4, 12, 6, 10], "texture": "#texture"},
				"west": {"uv": [4, 12, 6, 10], "texture": "#texture"},
				"up": {"uv": [4, 12, 6, 10], "texture": "#texture"},
				"down": {"uv": [4, 12, 6, 10], "texture": "#texture"}
			}
		},
		{
			"from": [6.3625, 8, 6.6375],
			"to": [9.55, 9, 9.3875],
			"rotation": {"angle": 0, "axis": "y", "origin": [-0.075, 0, 0.95]},
			"faces": {
				"north": {"uv": [4, 12, 6, 10], "texture": "#texture"},
				"east": {"uv": [4, 12, 6, 10], "texture": "#texture"},
				"south": {"uv": [4, 12, 6, 10], "texture": "#texture"},
				"west": {"uv": [4, 12, 6, 10], "texture": "#texture"},
				"up": {"uv": [4, 12, 6, 10], "texture": "#texture"},
				"down": {"uv": [4, 12, 6, 10], "texture": "#texture"}
			}
		},
		{
			"from": [6.5375, 2.375, 6.6125],
			"to": [9.3375, 3.375, 9.4125],
			"rotation": {"angle": 0, "axis": "y", "origin": [-0.075, 0, 0.95]},
			"faces": {
				"north": {"uv": [4, 12, 6, 10], "texture": "#texture"},
				"east": {"uv": [4, 12, 6, 10], "texture": "#texture"},
				"south": {"uv": [4, 12, 6, 10], "texture": "#texture"},
				"west": {"uv": [4, 12, 6, 10], "texture": "#texture"},
				"up": {"uv": [4, 12, 6, 10], "texture": "#texture"},
				"down": {"uv": [4, 12, 6, 10], "texture": "#texture"}
			}
		},
		{
			"from": [7.1375, -3.1875, 7.0125],
			"to": [8.7, 2.8125, 9.0125],
			"rotation": {"angle": 0, "axis": "y", "origin": [-0.075, 0, 0.95]},
			"faces": {
				"north": {"uv": [12.5, 1, 15.5, 3.5], "texture": "#1"},
				"east": {"uv": [12.5, 1, 15.5, 3.5], "texture": "#1"},
				"south": {"uv": [12.5, 1, 15.5, 3.5], "texture": "#1"},
				"west": {"uv": [12.5, 1, 15.5, 3.5], "texture": "#1"},
				"down": {"uv": [12.5, 1, 15.5, 3.5], "texture": "#1"}
			}
		},
		{
			"from": [6.8875, -3.1875, 7.2625],
			"to": [8.95, 2.8125, 8.7625],
			"rotation": {"angle": 0, "axis": "y", "origin": [-0.075, 0, 0.95]},
			"faces": {
				"north": {"uv": [12.5, 1, 15.5, 3.5], "texture": "#1"},
				"east": {"uv": [12.5, 1, 15.5, 3.5], "texture": "#1"},
				"south": {"uv": [12.5, 1, 15.5, 3.5], "texture": "#1"},
				"west": {"uv": [12.5, 1, 15.5, 3.5], "texture": "#1"},
				"down": {"uv": [12.5, 1, 15.5, 3.5], "texture": "#1"}
			}
		},
		{
			"from": [7.2, -8.1875, 7.2625],
			"to": [8.7, -2.6875, 8.7625],
			"rotation": {"angle": 0, "axis": "y", "origin": [-0.075, 0, 0.95]},
			"faces": {
				"north": {"uv": [12.5, 1, 15.5, 3.5], "texture": "#1"},
				"east": {"uv": [12.5, 1, 15.5, 3.5], "texture": "#1"},
				"south": {"uv": [12.5, 1, 15.5, 3.5], "texture": "#1"},
				"west": {"uv": [12.5, 1, 15.5, 3.5], "texture": "#1"}
			}
		},
		{
			"from": [7.0125, -9.375, 7.075],
			"to": [8.95, -7.9375, 8.95],
			"rotation": {"angle": 0, "axis": "y", "origin": [-0.075, 0, 0.95]},
			"faces": {
				"north": {"uv": [4, 12, 6, 10], "texture": "#texture"},
				"east": {"uv": [4, 12, 6, 10], "texture": "#texture"},
				"south": {"uv": [4, 12, 6, 10], "texture": "#texture"},
				"west": {"uv": [4, 12, 6, 10], "texture": "#texture"},
				"up": {"uv": [4, 12, 6, 10], "texture": "#texture"},
				"down": {"uv": [4, 12, 6, 10], "texture": "#texture"}
			}
		}
	],
	"gui_light": "front",
	"display": {
		"thirdperson_righthand": {
			"rotation": [0, 90, 0],
			"translation": [0, 4.15, 1.5],
			"scale": [0.8, 0.8, 0.8]
		},
		"thirdperson_lefthand": {
			"rotation": [0, 90, 0],
			"translation": [0, 8.4, 1.5],
			"scale": [0.8, 0.8, 0.8]
		},
		"firstperson_righthand": {
			"rotation": [10, -90, 0],
			"translation": [5.25, 8.25, -3.75],
			"scale": [0.92, 0.97, 0.97]
		},
		"firstperson_lefthand": {
			"rotation": [0, -90, -12],
			"translation": [5.25, 8.25, -3.75],
			"scale": [0.92, 0.97, 0.97]
		},
		"ground": {
			"rotation": [0, 0, 45],
			"translation": [-2.25, 9.5, 0],
			"scale": [0.85, 0.85, 0.85]
		},
		"gui": {
			"rotation": [-1.95, 20.92, -39.66],
			"translation": [0.5, 0.75, 0],
			"scale": [0.65, 0.65, 1]
		},
		"fixed": {
			"rotation": [0, 180, 45],
			"translation": [0.8, 0.55, -1.6],
			"scale": [0.85, 0.85, 0.85]
		}
	}
}