{
	"credit": "Made by SrDarmith - YouTube: Mainclay",
	"textures": {
		"2": "block/door spruce upper",
		"3": "block/door iron lower",
		"4": "block/hardened clay stained green",
		"5": "block/skin/skin",
		"texture": "block/darkwood",
		"blade": "block/anvil",
		"particle": "block/door spruce upper"
	},
	"elements": [
		{
			"from": [-3.35, 7.175, 7.25],
			"to": [-1.6, 8.4, 8.7],
			"rotation": {"angle": 0, "axis": "y", "origin": [0, 0, 0.35]},
			"faces": {
				"north": {"uv": [12, 6, 10, 4], "texture": "#blade", "cullface": "west"},
				"east": {"uv": [12, 6, 10, 4], "texture": "#blade"},
				"south": {"uv": [12, 6, 10, 4], "texture": "#blade", "cullface": "west"},
				"west": {"uv": [12, 6, 10, 4], "texture": "#blade", "cullface": "west"},
				"up": {"uv": [12, 6, 10, 4], "texture": "#blade", "cullface": "west"},
				"down": {"uv": [12, 4, 10, 6], "texture": "#blade", "cullface": "west"}
			}
		},
		{
			"from": [1.175, 6.75, 7.475],
			"to": [16.25, 7, 8.475],
			"rotation": {"angle": 0, "axis": "y", "origin": [0, 0, 0.35]},
			"faces": {
				"north": {"uv": [0, 9, 16, 9.25], "texture": "#texture"},
				"east": {"uv": [7.75, 9, 9, 9.25], "texture": "#texture"},
				"south": {"uv": [16, 9, 0, 9.25], "texture": "#texture"},
				"west": {"uv": [7, 9, 8.25, 9.25], "texture": "#texture"},
				"down": {"uv": [16, 8.25, 0, 7], "texture": "#texture"}
			}
		},
		{
			"from": [9.55, 8.5, 7.475],
			"to": [10.75, 8.925, 8.475],
			"rotation": {"angle": 0, "axis": "y", "origin": [0, 0, 0.35]},
			"faces": {
				"north": {"uv": [5.5, 7.25, 16, 7.5], "texture": "#blade", "cullface": "west"},
				"east": {"uv": [7.75, 7.25, 9, 7.5], "texture": "#blade", "cullface": "west"},
				"south": {"uv": [7, 7.25, 10.5, 7.5], "texture": "#blade", "cullface": "west"},
				"west": {"uv": [2, 1, 3, 2], "texture": "#blade"},
				"up": {"uv": [7, 7, 10.5, 8.25], "texture": "#blade", "cullface": "west"}
			}
		},
		{
			"from": [14.55, 8.25, 7.25],
			"to": [15.75, 8.675, 8.7],
			"rotation": {"angle": 0, "axis": "y", "origin": [0, 0, 0.35]},
			"faces": {
				"north": {"uv": [5.25, 7.5, 16, 7.75], "texture": "#blade", "cullface": "west"},
				"east": {"uv": [7.5, 7.5, 9.25, 7.75], "texture": "#blade", "cullface": "west"},
				"south": {"uv": [7, 7.5, 10.75, 7.75], "texture": "#blade", "cullface": "west"},
				"west": {"uv": [2, 0, 3, 1], "texture": "#blade"},
				"up": {"uv": [7, 6.75, 10.75, 8.5], "texture": "#blade", "cullface": "west"}
			}
		},
		{
			"from": [14.55, 8.5, 7.475],
			"to": [15.75, 8.925, 8.475],
			"rotation": {"angle": 0, "axis": "y", "origin": [0, 0, 0.35]},
			"faces": {
				"north": {"uv": [5.5, 7.25, 16, 7.5], "texture": "#blade", "cullface": "west"},
				"east": {"uv": [7.75, 7.25, 9, 7.5], "texture": "#blade", "cullface": "west"},
				"south": {"uv": [7, 7.25, 10.5, 7.5], "texture": "#blade", "cullface": "west"},
				"west": {"uv": [2, 1, 3, 2], "texture": "#blade"},
				"up": {"uv": [7, 7, 10.5, 8.25], "texture": "#blade", "cullface": "west"}
			}
		},
		{
			"from": [7.8, 8.5, 7.6],
			"to": [8.5, 8.975, 8.35],
			"rotation": {"angle": 0, "axis": "y", "origin": [0, 0, 0.35]},
			"faces": {
				"north": {"uv": [5.5, 7.25, 16, 7.5], "texture": "#blade", "cullface": "west"},
				"east": {"uv": [7.75, 7.25, 9, 7.5], "texture": "#blade", "cullface": "west"},
				"south": {"uv": [0, 7.25, 10.5, 7.5], "texture": "#blade", "cullface": "west"},
				"west": {"uv": [2, 1, 3, 2], "texture": "#blade"},
				"up": {"uv": [0, 7, 10.5, 8.25], "texture": "#blade", "cullface": "west"}
			}
		},
		{
			"from": [8.375, 8.975, 8.1],
			"to": [8.5, 9.15, 8.35],
			"rotation": {"angle": 0, "axis": "y", "origin": [0, 0, 0.35]},
			"faces": {
				"north": {"uv": [5.5, 7.25, 16, 7.5], "texture": "#blade", "cullface": "west"},
				"east": {"uv": [7.75, 7.25, 9, 7.5], "texture": "#blade", "cullface": "west"},
				"south": {"uv": [0, 7.25, 10.5, 7.5], "texture": "#blade", "cullface": "west"},
				"west": {"uv": [2, 1, 3, 2], "texture": "#blade"},
				"up": {"uv": [0, 7, 10.5, 8.25], "texture": "#blade", "cullface": "west"}
			}
		},
		{
			"from": [8.375, 8.975, 7.6],
			"to": [8.5, 9.15, 7.85],
			"rotation": {"angle": 0, "axis": "y", "origin": [0, 0, 0.35]},
			"faces": {
				"north": {"uv": [5.5, 7.25, 16, 7.5], "texture": "#blade", "cullface": "west"},
				"east": {"uv": [7.75, 7.25, 9, 7.5], "texture": "#blade", "cullface": "west"},
				"south": {"uv": [0, 7.25, 10.5, 7.5], "texture": "#blade", "cullface": "west"},
				"west": {"uv": [2, 1, 3, 2], "texture": "#blade"},
				"up": {"uv": [0, 7, 10.5, 8.25], "texture": "#blade", "cullface": "west"}
			}
		},
		{
			"from": [-2.45, 7, 7.275],
			"to": [16.5, 8.25, 8.675],
			"rotation": {"angle": 0, "axis": "y", "origin": [0, 0, 0.35]},
			"faces": {
				"north": {"uv": [0, 7.75, 16, 9], "texture": "#texture"},
				"east": {"uv": [7.5, 7.75, 9.25, 9], "texture": "#texture"},
				"south": {"uv": [16, 7.75, 0, 9], "texture": "#texture"},
				"west": {"uv": [6.75, 7.75, 8.5, 9], "texture": "#texture"},
				"up": {"uv": [0, 6.75, 16, 8.5], "texture": "#texture"},
				"down": {"uv": [16, 8.5, 0, 6.75], "texture": "#texture"}
			}
		},
		{
			"from": [11.75, 8.25, 8.475],
			"to": [13.5, 8.875, 8.725],
			"rotation": {"angle": 0, "axis": "y", "origin": [0, 0, 0.1]},
			"faces": {
				"north": {"uv": [16, 16, 14, 14], "texture": "#blade"},
				"east": {"uv": [16, 16, 14, 14], "texture": "#blade"},
				"south": {"uv": [16, 16, 12, 14], "texture": "#blade"},
				"west": {"uv": [16, 16, 14, 14], "texture": "#blade"},
				"up": {"uv": [14, 12, 15, 13], "texture": "#blade"},
				"down": {"uv": [14, 12, 15, 13], "texture": "#blade"}
			}
		},
		{
			"from": [2.25, 8.4, 7.5],
			"to": [2.75, 9, 8.45],
			"rotation": {"angle": 0, "axis": "y", "origin": [0, 0, 0.35]},
			"faces": {
				"north": {"uv": [16, 7, 15, 9.5], "texture": "#blade", "cullface": "west"},
				"east": {"uv": [7.5, 7, 9.25, 9.5], "texture": "#blade", "cullface": "west"},
				"south": {"uv": [0, 7, 1, 9.5], "texture": "#blade", "cullface": "west"},
				"west": {"uv": [6.75, 7, 8.5, 9.5], "texture": "#blade", "cullface": "west"},
				"up": {"uv": [0, 6.75, 1, 8.5], "texture": "#blade", "cullface": "west"},
				"down": {"uv": [16, 8.5, 15, 6.75], "texture": "#blade", "cullface": "west"}
			}
		},
		{
			"from": [2.25, 6.65, 7.425],
			"to": [2.75, 7.75, 8.525],
			"rotation": {"angle": 0, "axis": "y", "origin": [0, 0, 0.35]},
			"faces": {
				"north": {"uv": [16, 7, 15, 9.5], "texture": "#blade", "cullface": "west"},
				"east": {"uv": [7.5, 7, 9.25, 9.5], "texture": "#blade", "cullface": "west"},
				"south": {"uv": [0, 7, 1, 9.5], "texture": "#blade", "cullface": "west"},
				"west": {"uv": [6.75, 7, 8.5, 9.5], "texture": "#blade", "cullface": "west"},
				"up": {"uv": [0, 6.75, 1, 8.5], "texture": "#blade", "cullface": "west"},
				"down": {"uv": [16, 8.5, 15, 6.75], "texture": "#blade", "cullface": "west"}
			}
		},
		{
			"from": [7.25, 6.5, 7.65],
			"to": [16.5, 6.75, 8.3],
			"rotation": {"angle": 0, "axis": "y", "origin": [0, 0, 0.35]},
			"faces": {
				"north": {"uv": [0.25, 9.25, 16, 9.5], "texture": "#texture", "cullface": "east"},
				"east": {"uv": [7.25, 9.25, 8, 9.5], "texture": "#texture", "cullface": "east"},
				"south": {"uv": [16, 9.25, 0.25, 9.5], "texture": "#texture", "cullface": "east"},
				"west": {"uv": [7.25, 9.25, 8, 9.5], "texture": "#texture", "cullface": "east"},
				"down": {"uv": [0.25, 7.25, 16, 8], "texture": "#texture", "cullface": "east"}
			}
		},
		{
			"from": [-3.35, 8.4, 7.45],
			"to": [-2.85, 8.775, 8.5],
			"rotation": {"angle": 0, "axis": "y", "origin": [0, 0, 0.35]},
			"faces": {
				"north": {"uv": [10, 7, 12, 5], "texture": "#blade", "cullface": "west"},
				"east": {"uv": [10, 7, 12, 5], "texture": "#blade"},
				"south": {"uv": [12, 7, 10, 5], "texture": "#blade", "cullface": "west"},
				"west": {"uv": [10, 7, 12, 5], "texture": "#blade", "cullface": "west"},
				"up": {"uv": [12, 7, 10, 5], "texture": "#blade", "cullface": "west"}
			}
		},
		{
			"from": [14.125, 8.4, 7.35],
			"to": [14.375, 8.65, 7.6],
			"rotation": {"angle": 0, "axis": "y", "origin": [-2, 0, 0.35]},
			"faces": {
				"north": {"uv": [1.75, 7.25, 5.5, 7.5], "texture": "#blade"},
				"east": {"uv": [2, 7, 3, 8], "texture": "#blade"},
				"south": {"uv": [10.5, 7.25, 14.25, 7.5], "texture": "#blade"},
				"west": {"uv": [2, 7, 3, 8], "texture": "#blade"},
				"up": {"uv": [10.5, 7.25, 14.25, 8], "texture": "#blade"},
				"down": {"uv": [5.5, 8, 1.75, 7.25], "texture": "#blade"}
			}
		},
		{
			"from": [8.25, 8.5, 7.6],
			"to": [16.5, 8.75, 8.35],
			"rotation": {"angle": 0, "axis": "y", "origin": [0, 0, 0.35]},
			"faces": {
				"north": {"uv": [1.75, 7.25, 5.5, 7.5], "texture": "#blade"},
				"east": {"uv": [2, 7, 3, 8], "texture": "#blade"},
				"south": {"uv": [10.5, 7.25, 14.25, 7.5], "texture": "#blade"},
				"west": {"uv": [2, 7, 3, 8], "texture": "#blade"},
				"up": {"uv": [10.5, 7.25, 14.25, 8], "texture": "#blade"},
				"down": {"uv": [5.5, 8, 1.75, 7.25], "texture": "#blade"}
			}
		},
		{
			"from": [-7.175, 8.775, 7.85],
			"to": [-6.925, 9.275, 8.1],
			"rotation": {"angle": 0, "axis": "y", "origin": [0, 0, 0.35]},
			"faces": {
				"north": {"uv": [0.25, 6.75, 0.5, 7], "texture": "#blade"},
				"east": {"uv": [8.25, 6.75, 8.5, 7], "texture": "#blade"},
				"south": {"uv": [15.5, 6.75, 15.75, 7], "texture": "#blade"},
				"west": {"uv": [7.5, 6.75, 7.75, 7], "texture": "#blade"},
				"up": {"uv": [15.5, 7.5, 15.75, 7.75], "texture": "#blade"}
			}
		},
		{
			"from": [-7.3, 7.45, 7.6],
			"to": [-6.8, 8.775, 8.35],
			"rotation": {"angle": 0, "axis": "y", "origin": [0, 0, 0.35]},
			"faces": {
				"north": {"uv": [0, 0, 1, 1], "texture": "#blade"},
				"east": {"uv": [0, 0, 1, 1], "texture": "#blade"},
				"south": {"uv": [0, 0, 1, 1], "texture": "#blade"},
				"west": {"uv": [7.25, 7.25, 8, 7.5], "texture": "#blade", "cullface": "west"},
				"up": {"uv": [0, 7.25, 0, 8], "texture": "#blade", "cullface": "west"},
				"down": {"uv": [0, 0, 1, 1], "texture": "#blade"}
			}
		},
		{
			"from": [-7.3, 7.95, 7.45],
			"to": [-6.8, 8.55, 8.5],
			"rotation": {"angle": 0, "axis": "y", "origin": [0, 0, 0.35]},
			"faces": {
				"north": {"uv": [0, 0, 1, 1], "texture": "#blade"},
				"east": {"uv": [0, 0, 1, 1], "texture": "#blade"},
				"south": {"uv": [0, 0, 1, 1], "texture": "#blade"},
				"west": {"uv": [7.25, 7.25, 8, 7.5], "texture": "#blade", "cullface": "west"},
				"up": {"uv": [0, 7.25, 0, 8], "texture": "#blade", "cullface": "west"},
				"down": {"uv": [0, 0, 1, 1], "texture": "#blade"}
			}
		},
		{
			"from": [2.25, 6.9, 7.25],
			"to": [2.75, 8.75, 8.7],
			"rotation": {"angle": 0, "axis": "y", "origin": [0, 0, 0.35]},
			"faces": {
				"north": {"uv": [16, 7.25, 15, 9.25], "texture": "#blade", "cullface": "west"},
				"east": {"uv": [7.25, 7.25, 9.5, 9.25], "texture": "#blade", "cullface": "west"},
				"south": {"uv": [0, 7.25, 1, 9.25], "texture": "#blade", "cullface": "west"},
				"west": {"uv": [6.5, 7.25, 8.75, 9.25], "texture": "#blade", "cullface": "west"},
				"up": {"uv": [0, 6.5, 1, 8.75], "texture": "#blade", "cullface": "west"},
				"down": {"uv": [16, 8.75, 15, 6.5], "texture": "#blade", "cullface": "west"}
			}
		},
		{
			"from": [-2.7, 8.25, 7.275],
			"to": [1.55, 8.375, 8.675],
			"rotation": {"angle": 0, "axis": "y", "origin": [0, 0, 0.35]},
			"faces": {
				"north": {"uv": [5.25, 7.5, 16, 7.75], "texture": "#texture", "cullface": "west"},
				"east": {"uv": [7.5, 7.5, 9.25, 7.75], "texture": "#texture", "cullface": "west"},
				"south": {"uv": [0, 7.5, 10.75, 7.75], "texture": "#texture", "cullface": "west"},
				"up": {"uv": [0, 6.75, 10.75, 8.5], "texture": "#texture", "cullface": "west"}
			}
		},
		{
			"from": [9.55, 8.25, 7.25],
			"to": [10.75, 8.675, 8.7],
			"rotation": {"angle": 0, "axis": "y", "origin": [0, 0, 0.35]},
			"faces": {
				"north": {"uv": [5.25, 7.5, 16, 7.75], "texture": "#blade", "cullface": "west"},
				"east": {"uv": [7.5, 7.5, 9.25, 7.75], "texture": "#blade", "cullface": "west"},
				"south": {"uv": [7, 7.5, 10.75, 7.75], "texture": "#blade", "cullface": "west"},
				"west": {"uv": [2, 0, 3, 1], "texture": "#blade"},
				"up": {"uv": [7, 6.75, 10.75, 8.5], "texture": "#blade", "cullface": "west"}
			}
		},
		{
			"from": [1.55, 8.5, 7.525],
			"to": [8.25, 8.925, 8.425],
			"rotation": {"angle": 0, "axis": "y", "origin": [0, 0, 0.35]},
			"faces": {
				"north": {"uv": [9.5, 7.25, 16, 7.5], "texture": "#texture", "cullface": "west"},
				"east": {"uv": [7.75, 7.25, 9, 7.5], "texture": "#texture", "cullface": "west"},
				"south": {"uv": [0, 7.25, 7.5, 7.5], "texture": "#texture", "cullface": "west"},
				"west": {"uv": [2, 1, 3, 2], "texture": "#texture"},
				"up": {"uv": [0, 7, 10.5, 8.25], "texture": "#texture", "cullface": "west"}
			}
		},
		{
			"from": [1.55, 8.25, 7.275],
			"to": [8.25, 8.675, 8.675],
			"rotation": {"angle": 0, "axis": "y", "origin": [0, 0, 0.35]},
			"faces": {
				"north": {"uv": [9.25, 7.5, 16, 7.75], "texture": "#texture", "cullface": "west"},
				"east": {"uv": [7.5, 7.5, 9.25, 7.75], "texture": "#texture", "cullface": "west"},
				"south": {"uv": [0, 7.5, 7.75, 7.75], "texture": "#texture", "cullface": "west"},
				"west": {"uv": [2, 0, 4, 1], "texture": "#texture"},
				"up": {"uv": [0, 6.75, 10.75, 8.5], "texture": "#texture", "cullface": "west"}
			}
		},
		{
			"from": [8.25, 8.25, 7.35],
			"to": [16.5, 8.5, 8.6],
			"rotation": {"angle": 0, "axis": "y", "origin": [0, 0, 0.35]},
			"faces": {
				"north": {"uv": [0, 7.5, 5.25, 7.75], "texture": "#blade", "cullface": "east"},
				"east": {"uv": [7.75, 7.5, 9, 7.75], "texture": "#blade", "cullface": "east"},
				"south": {"uv": [10.75, 7.5, 16, 7.75], "texture": "#blade", "cullface": "east"},
				"up": {"uv": [10.75, 7, 16, 8.25], "texture": "#blade", "cullface": "east"}
			}
		},
		{
			"from": [14.125, 8.475, 5.425],
			"to": [14.375, 8.725, 6.675],
			"rotation": {"angle": -45, "axis": "x", "origin": [14.25, 9.5, 7.1]},
			"faces": {
				"north": {"uv": [16, 7, 15, 8], "rotation": 180, "texture": "#blade", "cullface": "east"},
				"east": {"uv": [8, 3.75, 9, 4.75], "rotation": 90, "texture": "#blade", "cullface": "east"},
				"west": {"uv": [7, 3.75, 8, 4.75], "rotation": 270, "texture": "#blade", "cullface": "east"},
				"up": {"uv": [16, 3.75, 15, 4.75], "texture": "#blade", "cullface": "east"},
				"down": {"uv": [0, 3.75, 1, 4.75], "rotation": 180, "texture": "#blade", "cullface": "east"}
			}
		},
		{
			"from": [13.875, 8.325, 4.875],
			"to": [14.625, 8.875, 5.425],
			"rotation": {"angle": -45, "axis": "x", "origin": [14.25, 10, 6.85]},
			"faces": {
				"north": {"uv": [0, 5, 1, 6], "texture": "#blade", "cullface": "east"},
				"east": {"uv": [8.25, 5, 9.25, 6], "texture": "#blade", "cullface": "east"},
				"south": {"uv": [16, 5, 15, 6], "texture": "#blade", "cullface": "east"},
				"west": {"uv": [6.75, 5, 7.75, 6], "texture": "#blade", "cullface": "east"},
				"up": {"uv": [16, 6.75, 15, 7.75], "texture": "#blade", "cullface": "east"},
				"down": {"uv": [0, 7.75, 1, 6.75], "texture": "#blade", "cullface": "east"}
			}
		},
		{
			"from": [15.5, 5.45, 7.875],
			"to": [15.75, 6.7, 8.075],
			"rotation": {"angle": -22.5, "axis": "z", "origin": [15.5, 6.75, 8.1]},
			"faces": {
				"north": {"uv": [0, 12, 1, 13.25], "texture": "#blade", "cullface": "east"},
				"east": {"uv": [7.5, 12, 8.5, 13.25], "texture": "#blade", "cullface": "east"},
				"south": {"uv": [16, 12, 15, 13.25], "texture": "#blade", "cullface": "east"},
				"west": {"uv": [7.5, 12, 8.5, 13.25], "texture": "#blade", "cullface": "east"},
				"up": {"uv": [16, 7.5, 15, 8.5], "texture": "#blade", "cullface": "east"},
				"down": {"uv": [0, 12, 1, 13], "texture": "#blade"}
			}
		},
		{
			"from": [15.75, 5.25, 7.65],
			"to": [16.25, 5.5, 8.3],
			"rotation": {"angle": 0, "axis": "y", "origin": [-1.75, -1.75, 0.35]},
			"faces": {
				"north": {"uv": [0, 8.75, 1, 9], "texture": "#blade", "cullface": "east"},
				"east": {"uv": [15, 8, 16, 9], "texture": "#blade"},
				"south": {"uv": [16, 8.75, 15, 9], "texture": "#blade", "cullface": "east"},
				"west": {"uv": [7.5, 8.75, 8.5, 9], "texture": "#blade", "cullface": "east"},
				"up": {"uv": [16, 7.5, 15, 8.5], "texture": "#blade", "cullface": "east"},
				"down": {"uv": [0, 8.5, 1, 7.5], "texture": "#blade", "cullface": "east"}
			}
		},
		{
			"from": [16, 5.5, 7.65],
			"to": [16.25, 6.5, 8.3],
			"rotation": {"angle": 0, "axis": "y", "origin": [-1.75, -1.75, 0.35]},
			"faces": {
				"north": {"uv": [0, 8.5, 1, 8.75], "texture": "#blade", "cullface": "east"},
				"east": {"uv": [15, 8, 16, 9], "texture": "#blade"},
				"south": {"uv": [16, 8.5, 15, 8.75], "texture": "#blade", "cullface": "east"},
				"west": {"uv": [7.5, 8.5, 8.5, 8.75], "texture": "#blade", "cullface": "east"},
				"up": {"uv": [16, 7.5, 15, 8.5], "texture": "#blade", "cullface": "east"}
			}
		},
		{
			"from": [23.9, 3.1, 7.65],
			"to": [24.15, 3.6, 8.3],
			"rotation": {"angle": 0, "axis": "y", "origin": [-1.75, -1.75, 0.35]},
			"faces": {
				"north": {"uv": [0, 8.5, 1, 8.75], "texture": "#blade", "cullface": "east"},
				"east": {"uv": [15, 8, 16, 9], "texture": "#blade"},
				"south": {"uv": [16, 8.5, 15, 8.75], "texture": "#blade", "cullface": "east"},
				"west": {"uv": [7.5, 8.5, 8.5, 8.75], "texture": "#blade", "cullface": "east"},
				"up": {"uv": [16, 7.5, 15, 8.5], "texture": "#blade", "cullface": "east"}
			}
		},
		{
			"from": [23.9, 3.6, 7.95],
			"to": [24.15, 3.8, 8.1],
			"rotation": {"angle": 0, "axis": "y", "origin": [-1.75, -1.75, 0.35]},
			"faces": {
				"north": {"uv": [0, 8.5, 1, 8.75], "texture": "#3", "cullface": "east"},
				"east": {"uv": [15, 8, 16, 9], "texture": "#3"},
				"south": {"uv": [16, 8.5, 15, 8.75], "texture": "#3", "cullface": "east"},
				"west": {"uv": [7.5, 8.5, 8.5, 8.75], "texture": "#3", "cullface": "east"},
				"up": {"uv": [16, 7.5, 15, 8.5], "texture": "#3", "cullface": "east"}
			}
		},
		{
			"from": [2.4, 6, 7.65],
			"to": [2.65, 6.5, 8.3],
			"rotation": {"angle": 0, "axis": "y", "origin": [-1.75, -1.75, 0.35]},
			"faces": {
				"north": {"uv": [0, 8.5, 1, 8.75], "texture": "#blade", "cullface": "east"},
				"east": {"uv": [15, 8, 16, 9], "texture": "#blade"},
				"south": {"uv": [16, 8.5, 15, 8.75], "texture": "#blade", "cullface": "east"},
				"west": {"uv": [7.5, 8.5, 8.5, 8.75], "texture": "#blade", "cullface": "east"},
				"up": {"uv": [16, 7.5, 15, 8.5], "texture": "#blade", "cullface": "east"}
			}
		},
		{
			"from": [2.4, 6.5, 7.95],
			"to": [2.65, 6.7, 8.1],
			"rotation": {"angle": 0, "axis": "y", "origin": [-1.75, -1.75, 0.35]},
			"faces": {
				"north": {"uv": [0, 8.5, 1, 8.75], "texture": "#3", "cullface": "east"},
				"east": {"uv": [15, 8, 16, 9], "texture": "#3"},
				"south": {"uv": [16, 8.5, 15, 8.75], "texture": "#3", "cullface": "east"},
				"west": {"uv": [7.5, 8.5, 8.5, 8.75], "texture": "#3", "cullface": "east"},
				"up": {"uv": [16, 7.5, 15, 8.5], "texture": "#3", "cullface": "east"}
			}
		},
		{
			"from": [14.25, 5, 7.65],
			"to": [16, 5.25, 8.3],
			"rotation": {"angle": 0, "axis": "y", "origin": [-1.75, -1.75, 0.35]},
			"faces": {
				"north": {"uv": [0, 9, 1, 9.25], "texture": "#blade", "cullface": "east"},
				"east": {"uv": [7.5, 9, 8.5, 9.25], "texture": "#blade", "cullface": "east"},
				"south": {"uv": [16, 9, 15, 9.25], "texture": "#blade", "cullface": "east"},
				"west": {"uv": [7.5, 9, 8.5, 9.25], "texture": "#blade", "cullface": "east"},
				"up": {"uv": [16, 7.5, 15, 8.5], "texture": "#blade", "cullface": "east"},
				"down": {"uv": [0, 8.5, 1, 7.5], "texture": "#blade", "cullface": "east"}
			}
		},
		{
			"from": [14.25, 5.25, 7.65],
			"to": [14.5, 5.5, 8.3],
			"rotation": {"angle": 0, "axis": "y", "origin": [-1.75, -1.75, 0.35]},
			"faces": {
				"north": {"uv": [0, 8.75, 1, 9], "texture": "#blade", "cullface": "east"},
				"east": {"uv": [7.5, 8.75, 8.5, 9], "texture": "#blade", "cullface": "east"},
				"south": {"uv": [16, 8.75, 15, 9], "texture": "#blade", "cullface": "east"},
				"up": {"uv": [16, 7.5, 15, 8.5], "texture": "#blade", "cullface": "east"}
			}
		},
		{
			"from": [14.25, 6.25, 7.65],
			"to": [14.5, 6.5, 8.3],
			"rotation": {"angle": 0, "axis": "y", "origin": [-1.75, -1.75, 0.35]},
			"faces": {
				"north": {"uv": [0, 8.75, 1, 9], "texture": "#blade", "cullface": "east"},
				"east": {"uv": [7.5, 8.75, 8.5, 9], "texture": "#blade", "cullface": "east"},
				"south": {"uv": [16, 8.75, 15, 9], "texture": "#blade", "cullface": "east"},
				"west": {"uv": [0, 0, 0, 0], "texture": "#blade"},
				"up": {"uv": [16, 7.5, 15, 8.5], "texture": "#blade", "cullface": "east"},
				"down": {"uv": [0, 0, 1, 1], "texture": "#blade"}
			}
		},
		{
			"from": [15.75, 6.25, 7.65],
			"to": [16, 6.5, 8.3],
			"rotation": {"angle": 0, "axis": "y", "origin": [-1.75, -1.75, 0.35]},
			"faces": {
				"north": {"uv": [0, 8.75, 1, 9], "texture": "#blade", "cullface": "east"},
				"east": {"uv": [7.5, 8.75, 8.5, 9], "texture": "#blade", "cullface": "east"},
				"south": {"uv": [16, 8.75, 15, 9], "texture": "#blade", "cullface": "east"},
				"west": {"uv": [1, 0, 2, 1], "texture": "#blade"},
				"up": {"uv": [16, 7.5, 15, 8.5], "texture": "#blade", "cullface": "east"},
				"down": {"uv": [1, 0, 2, 1], "texture": "#blade"}
			}
		},
		{
			"from": [14, 5, 7.65],
			"to": [14.25, 6.5, 8.3],
			"rotation": {"angle": 0, "axis": "y", "origin": [-1.75, -1.75, 0.35]},
			"faces": {
				"north": {"uv": [0, 8, 1, 9], "texture": "#blade"},
				"east": {"uv": [7.5, 8, 8.5, 9], "texture": "#blade", "cullface": "east"},
				"south": {"uv": [15.75, 8, 15, 9], "texture": "#blade"},
				"west": {"uv": [7.5, 8, 8.5, 9], "texture": "#blade"},
				"down": {"uv": [1, 8.5, 0, 7.5], "texture": "#blade"}
			}
		},
		{
			"from": [23, 3.8, 7.3],
			"to": [23.85, 5.05, 8.65],
			"rotation": {"angle": 0, "axis": "y", "origin": [-0.75, -0.325, -0.025]},
			"faces": {
				"north": {"uv": [1, 12.25, 2.25, 12.5], "texture": "#texture", "cullface": "east"},
				"east": {"uv": [0, 0, 0, 0], "texture": "#texture"},
				"south": {"uv": [13.75, 12.25, 15, 12.5], "texture": "#texture", "cullface": "east"},
				"west": {"uv": [7.25, 12.25, 8.75, 12.5], "texture": "#texture", "cullface": "east"},
				"down": {"uv": [2.25, 8.75, 1, 7.25], "texture": "#texture", "cullface": "east"}
			}
		},
		{
			"from": [23.25, 5.05, 7.3],
			"to": [23.85, 5.3, 8.65],
			"rotation": {"angle": 0, "axis": "y", "origin": [-0.75, -0.325, -0.025]},
			"faces": {
				"north": {"uv": [14, 12, 12, 11], "texture": "#texture", "cullface": "east"},
				"east": {"uv": [1, 0, 2, 1], "texture": "#texture"},
				"south": {"uv": [14, 12, 12, 11], "texture": "#texture", "cullface": "east"},
				"west": {"uv": [7.25, 11, 8.75, 11.25], "texture": "#texture", "cullface": "east"},
				"down": {"uv": [5.75, 8.75, 1, 7.25], "texture": "#texture", "cullface": "east"}
			}
		},
		{
			"from": [22.9, 5.3, 7.3],
			"to": [23.85, 5.55, 8.65],
			"rotation": {"angle": 0, "axis": "y", "origin": [-0.75, -0.325, -0.025]},
			"faces": {
				"north": {"uv": [14, 12, 12, 11], "texture": "#texture", "cullface": "east"},
				"east": {"uv": [1, 0, 2, 1], "texture": "#texture"},
				"south": {"uv": [14, 12, 12, 11], "texture": "#texture", "cullface": "east"},
				"west": {"uv": [7.25, 10.75, 8.75, 11], "texture": "#texture", "cullface": "east"},
				"down": {"uv": [10, 7.25, 15, 8.75], "texture": "#texture", "cullface": "east"}
			}
		},
		{
			"from": [22.3, 5.55, 7.3],
			"to": [23.85, 5.8, 8.65],
			"rotation": {"angle": 0, "axis": "y", "origin": [-0.75, -0.325, -0.025]},
			"faces": {
				"north": {"uv": [14, 12, 12, 11], "texture": "#texture", "cullface": "east"},
				"east": {"uv": [1, 0, 2, 1], "texture": "#texture"},
				"south": {"uv": [14, 12, 12, 11], "texture": "#texture", "cullface": "east"},
				"west": {"uv": [7.25, 10.5, 8.75, 10.75], "texture": "#texture", "cullface": "east"},
				"down": {"uv": [9.75, 7.25, 15, 8.75], "texture": "#texture", "cullface": "east"}
			}
		},
		{
			"from": [21.725, 5.8, 7.3],
			"to": [23.85, 6.05, 8.65],
			"rotation": {"angle": 0, "axis": "y", "origin": [-0.75, -0.325, -0.025]},
			"faces": {
				"north": {"uv": [14, 12, 12, 11], "texture": "#texture", "cullface": "east"},
				"east": {"uv": [1, 0, 2, 1], "texture": "#texture"},
				"south": {"uv": [14, 12, 12, 11], "texture": "#texture", "cullface": "east"},
				"west": {"uv": [7.25, 10.25, 8.75, 10.5], "texture": "#texture", "cullface": "east"},
				"down": {"uv": [9.5, 7.25, 15, 8.75], "texture": "#texture", "cullface": "east"}
			}
		},
		{
			"from": [21.15, 6.05, 7.3],
			"to": [23.85, 6.3, 8.65],
			"rotation": {"angle": 0, "axis": "y", "origin": [-0.75, -0.325, -0.025]},
			"faces": {
				"north": {"uv": [14, 12, 12, 11], "texture": "#texture", "cullface": "east"},
				"east": {"uv": [1, 0, 2, 1], "texture": "#texture"},
				"south": {"uv": [14, 12, 12, 11], "texture": "#texture", "cullface": "east"},
				"west": {"uv": [7.25, 10, 8.75, 10.25], "texture": "#texture", "cullface": "east"},
				"down": {"uv": [9.25, 7.25, 15, 8.75], "texture": "#texture", "cullface": "east"}
			}
		},
		{
			"from": [18.75, 6.3, 7.3],
			"to": [19.5, 7.3, 8.65],
			"rotation": {"angle": 0, "axis": "y", "origin": [-0.75, -0.325, -0.025]},
			"faces": {
				"north": {"uv": [9, 5, 15, 6.75], "texture": "#texture", "cullface": "east"},
				"east": {"uv": [1, 0, 2, 1], "texture": "#texture"},
				"south": {"uv": [1, 0, 7, 1.75], "texture": "#texture", "cullface": "east"},
				"west": {"uv": [1, 0, 2.5, 1.75], "texture": "#texture", "cullface": "east"},
				"up": {"uv": [1, 0, 7, 1.5], "texture": "#texture", "cullface": "east"},
				"down": {"uv": [1, 0, 7, 1.5], "texture": "#texture", "cullface": "east"}
			}
		},
		{
			"from": [19.5, 6.3, 7.3],
			"to": [23.85, 7.55, 8.65],
			"rotation": {"angle": 0, "axis": "y", "origin": [-0.75, -0.325, -0.025]},
			"faces": {
				"north": {"uv": [15, 5, 9, 6.75], "texture": "#texture", "cullface": "east"},
				"east": {"uv": [1, 0, 2, 1], "texture": "#texture"},
				"south": {"uv": [9, 5, 15, 6.75], "texture": "#texture", "cullface": "east"},
				"west": {"uv": [1, 0, 2.5, 1.75], "texture": "#texture", "cullface": "east"},
				"up": {"uv": [1, 0, 7, 1.5], "texture": "#texture", "cullface": "east"},
				"down": {"uv": [1, 0, 7, 1.5], "texture": "#texture", "cullface": "east"}
			}
		},
		{
			"from": [23.85, 3.8, 7.3],
			"to": [24.1, 7.55, 8.65],
			"rotation": {"angle": 0, "axis": "y", "origin": [-0.75, -0.325, -0.025]},
			"faces": {
				"north": {"uv": [9, 5, 15, 6.75], "texture": "#blade", "cullface": "east"},
				"east": {"uv": [1, 0, 2, 1], "texture": "#blade"},
				"south": {"uv": [1, 0, 7, 1.75], "texture": "#blade", "cullface": "east"},
				"west": {"uv": [1, 0, 2.5, 1.75], "texture": "#blade", "cullface": "east"},
				"up": {"uv": [1, 0, 7, 1.5], "texture": "#blade", "cullface": "east"},
				"down": {"uv": [1, 0, 7, 1.5], "texture": "#blade", "cullface": "east"}
			}
		},
		{
			"from": [16.7322, 7.375, 7.3],
			"to": [24.4572, 9, 8.65],
			"rotation": {"angle": -22.5, "axis": "z", "origin": [14.7322, 9.225, 7.225]},
			"faces": {
				"north": {"uv": [11.75, 5, 15, 6.75], "texture": "#texture", "cullface": "east"},
				"east": {"uv": [7.25, 6.75, 8.75, 8.5], "texture": "#texture", "cullface": "east"},
				"south": {"uv": [15, 5, 11.75, 6.75], "texture": "#texture", "cullface": "east"},
				"west": {"uv": [7.25, 6.75, 8.75, 8.5], "texture": "#texture", "cullface": "east"},
				"up": {"uv": [11.75, 0, 15, 1.5], "texture": "#texture", "cullface": "east"},
				"down": {"uv": [11.75, 0, 15, 1.5], "texture": "#texture", "cullface": "east"}
			}
		},
		{
			"from": [-3.8, 6.1, 7.7],
			"to": [-3.3, 7.5, 8.3],
			"rotation": {"angle": 0, "axis": "y", "origin": [7, 0, 21.6]},
			"faces": {
				"north": {"uv": [14, 8, 15, 9], "texture": "#2"},
				"east": {"uv": [14, 6, 16, 7], "texture": "#2"},
				"south": {"uv": [14, 10, 15, 11], "texture": "#2"},
				"west": {"uv": [6, 14, 8, 15], "texture": "#2"},
				"down": {"uv": [10, 14, 8, 15], "rotation": 90, "texture": "#2"}
			}
		},
		{
			"from": [-7.8, 6, 7.5],
			"to": [-7.3, 7.5, 8.5],
			"rotation": {"angle": 0, "axis": "y", "origin": [7, 0, 21.6]},
			"faces": {
				"north": {"uv": [10, 8, 11, 12], "texture": "#3"},
				"east": {"uv": [10, 0, 12, 4], "texture": "#3"},
				"south": {"uv": [12, 0, 13, 4], "texture": "#3"},
				"west": {"uv": [6, 8, 8, 12], "texture": "#3"},
				"up": {"uv": [16, 3, 14, 2], "rotation": 270, "texture": "#3"},
				"down": {"uv": [16, 4, 14, 5], "rotation": 90, "texture": "#3"}
			}
		},
		{
			"from": [-14.05, 6.75, 7.8],
			"to": [-12.55, 7.5, 8.2],
			"rotation": {"angle": 0, "axis": "y", "origin": [7.25, 0, 21.6]},
			"faces": {
				"north": {"uv": [10, 4, 13, 6], "texture": "#3"},
				"south": {"uv": [10, 6, 13, 8], "texture": "#3"},
				"west": {"uv": [12, 12, 13, 14], "texture": "#3"},
				"up": {"uv": [13, 11, 12, 8], "rotation": 270, "texture": "#3"},
				"down": {"uv": [11, 12, 10, 15], "rotation": 90, "texture": "#3"}
			}
		},
		{
			"from": [-12.55, 6.5, 7.8],
			"to": [-7.55, 7.5, 8.2],
			"rotation": {"angle": 0, "axis": "y", "origin": [7.25, 0, 21.6]},
			"faces": {
				"north": {"uv": [0, 0, 10, 2], "texture": "#3"},
				"south": {"uv": [0, 2, 10, 4], "texture": "#3"},
				"west": {"uv": [14, 0, 15, 2], "texture": "#3"},
				"up": {"uv": [5, 18, 4, 8], "rotation": 270, "texture": "#3"},
				"down": {"uv": [9, 4, 8, 14], "rotation": 90, "texture": "#3"}
			}
		},
		{
			"from": [-7.3, 6.5, 7.7],
			"to": [-3.8, 7.5, 8.3],
			"rotation": {"angle": 0, "axis": "y", "origin": [7, 0, 21.6]},
			"faces": {
				"north": {"uv": [0, 4, 8, 6], "texture": "#2"},
				"east": {"uv": [6, 12, 8, 14], "texture": "#2"},
				"south": {"uv": [0, 6, 8, 8], "texture": "#2"},
				"up": {"uv": [2, 16, 0, 8], "rotation": 270, "texture": "#2"},
				"down": {"uv": [4, 8, 2, 16], "rotation": 90, "texture": "#2"}
			}
		},
		{
			"from": [-8.525, 7.825, 7.725],
			"to": [1.975, 8.075, 8.225],
			"rotation": {"angle": 0, "axis": "y", "origin": [0, 0, 0.35]},
			"faces": {
				"north": {"uv": [14.5, 7.5, 16, 7.75], "texture": "#blade", "cullface": "west"},
				"east": {"uv": [0, 0, 1, 1], "texture": "#blade"},
				"south": {"uv": [0, 7.5, 1.5, 7.75], "texture": "#blade", "cullface": "west"},
				"west": {"uv": [7.75, 7.5, 8.25, 7.75], "texture": "#blade", "cullface": "west"},
				"up": {"uv": [0, 7.75, 1.5, 8.25], "texture": "#blade", "cullface": "west"},
				"down": {"uv": [0, 0, 1, 1], "texture": "#blade"}
			}
		},
		{
			"from": [-4.85, 7.525, 7.825],
			"to": [2.375, 7.825, 8.125],
			"rotation": {"angle": 0, "axis": "y", "origin": [0, 0, 0.35]},
			"faces": {
				"north": {"uv": [14.5, 7.5, 16, 7.75], "texture": "#blade", "cullface": "west"},
				"east": {"uv": [0, 0, 1, 1], "texture": "#blade"},
				"south": {"uv": [0, 7.5, 1.5, 7.75], "texture": "#blade", "cullface": "west"},
				"west": {"uv": [7.75, 7.5, 8.25, 7.75], "texture": "#blade", "cullface": "west"},
				"up": {"uv": [0, 7.75, 1.5, 8.25], "texture": "#blade", "cullface": "west"},
				"down": {"uv": [0, 0, 1, 1], "texture": "#blade"}
			}
		},
		{
			"from": [-8.525, 8, 8.15],
			"to": [1.975, 8.5, 8.4],
			"rotation": {"angle": 0, "axis": "y", "origin": [0, 0, 0.35]},
			"faces": {
				"north": {"uv": [14.5, 7, 16, 7.5], "texture": "#blade", "cullface": "west"},
				"east": {"uv": [0, 0, 1, 1], "texture": "#blade"},
				"south": {"uv": [0, 7, 1.5, 7.5], "texture": "#blade", "cullface": "west"},
				"west": {"uv": [8.25, 7, 8.5, 7.5], "texture": "#blade", "cullface": "west"},
				"up": {"uv": [0, 8.25, 1.5, 8.5], "texture": "#blade", "cullface": "west"},
				"down": {"uv": [0, 0, 1, 1], "texture": "#blade"}
			}
		},
		{
			"from": [-8.525, 8, 7.55],
			"to": [1.975, 8.5, 7.8],
			"rotation": {"angle": 0, "axis": "y", "origin": [0, 0, 0.35]},
			"faces": {
				"north": {"uv": [14.5, 7, 16, 7.5], "texture": "#blade", "cullface": "west"},
				"east": {"uv": [0, 0, 1, 1], "texture": "#blade"},
				"south": {"uv": [0, 7, 1.5, 7.5], "texture": "#blade", "cullface": "west"},
				"west": {"uv": [7.5, 7, 7.75, 7.5], "texture": "#blade", "cullface": "west"},
				"up": {"uv": [0, 7.5, 1.5, 7.75], "texture": "#blade", "cullface": "west"},
				"down": {"uv": [0, 0, 1, 1], "texture": "#blade"}
			}
		},
		{
			"from": [-8.525, 8.425, 7.725],
			"to": [1.975, 8.675, 8.225],
			"rotation": {"angle": 0, "axis": "y", "origin": [0, 0, 0.35]},
			"faces": {
				"north": {"uv": [14.5, 6.75, 16, 7], "texture": "#blade", "cullface": "west"},
				"east": {"uv": [0, 0, 1, 1], "texture": "#blade"},
				"south": {"uv": [0, 6.75, 1.5, 7], "texture": "#blade", "cullface": "west"},
				"west": {"uv": [7.75, 6.75, 8.25, 7], "texture": "#blade", "cullface": "west"},
				"up": {"uv": [0, 7.75, 1.5, 8.25], "texture": "#blade", "cullface": "west"},
				"down": {"uv": [0, 0, 1, 1], "texture": "#blade"}
			}
		},
		{
			"from": [10.75, 5.65, 7.65],
			"to": [11, 6.5, 8.3],
			"rotation": {"angle": 0, "axis": "y", "origin": [0, 0, 0.35]},
			"faces": {
				"north": {"uv": [5.25, 9.25, 5.5, 10.25], "texture": "#blade"},
				"east": {"uv": [7.75, 9.25, 9, 10.25], "texture": "#blade"},
				"south": {"uv": [10.5, 9.25, 10.75, 10.25], "texture": "#blade"},
				"west": {"uv": [7, 9.25, 8.25, 10.25], "texture": "#blade"},
				"down": {"uv": [5.5, 8.25, 2, 7], "texture": "#blade"}
			}
		},
		{
			"from": [11, 5.575, 7.65],
			"to": [14, 6.5, 8.3],
			"rotation": {"angle": 0, "axis": "y", "origin": [0, 0, 0.35]},
			"faces": {
				"north": {"uv": [2, 9.25, 5.5, 10.25], "texture": "#blade"},
				"east": {"uv": [7.75, 9.25, 9, 10.25], "texture": "#blade"},
				"south": {"uv": [10.5, 9.25, 14, 10.25], "texture": "#blade"},
				"west": {"uv": [7, 9.25, 8.25, 10.25], "texture": "#blade"},
				"down": {"uv": [5.5, 8.25, 2, 7], "texture": "#blade"}
			}
		},
		{
			"from": [11.6, 5.35, 7.65],
			"to": [14, 5.575, 8.3],
			"rotation": {"angle": 0, "axis": "y", "origin": [0, 0, 0.35]},
			"faces": {
				"north": {"uv": [2, 10.25, 4.75, 10.5], "texture": "#blade"},
				"east": {"uv": [7.75, 10.25, 9, 10.5], "texture": "#blade"},
				"south": {"uv": [11.25, 10.25, 14, 10.5], "texture": "#blade"},
				"west": {"uv": [7, 10.25, 8.25, 10.5], "texture": "#blade"},
				"down": {"uv": [4.75, 8.25, 2, 7], "texture": "#blade"}
			}
		},
		{
			"from": [12.525, 5.15, 7.65],
			"to": [14, 5.35, 8.3],
			"rotation": {"angle": 0, "axis": "y", "origin": [0, 0, 0.35]},
			"faces": {
				"north": {"uv": [2, 10.5, 4, 10.75], "texture": "#blade"},
				"east": {"uv": [7.75, 10.5, 9, 10.75], "texture": "#blade"},
				"south": {"uv": [12, 10.5, 14, 10.75], "texture": "#blade"},
				"west": {"uv": [7, 10.5, 8.25, 10.75], "texture": "#blade"},
				"down": {"uv": [4, 8.25, 2, 7], "texture": "#blade"}
			}
		},
		{
			"from": [13.525, 5, 7.65],
			"to": [14, 5.15, 8.3],
			"rotation": {"angle": 0, "axis": "y", "origin": [0, 0, 0.35]},
			"faces": {
				"north": {"uv": [2, 10.75, 3.25, 11], "texture": "#blade"},
				"east": {"uv": [7.75, 10.75, 9, 11], "texture": "#blade"},
				"south": {"uv": [12.75, 10.75, 14, 11], "texture": "#blade"},
				"west": {"uv": [7, 10.75, 8.25, 11], "texture": "#blade"},
				"down": {"uv": [3.25, 8.25, 2, 7], "texture": "#blade"}
			}
		},
		{
			"from": [15.4, -14.7, 7.7],
			"to": [19.4, -14.6, 8.2],
			"rotation": {"angle": 45, "axis": "z", "origin": [0, 0, 0.1]},
			"faces": {
				"north": {"uv": [0, 0, 4, 0.1], "texture": "#4"},
				"east": {"uv": [0, 0, 0.5, 0.1], "texture": "#4"},
				"south": {"uv": [0, 0, 4, 0.1], "texture": "#4"},
				"west": {"uv": [0, 0, 0.5, 0.1], "texture": "#4"},
				"up": {"uv": [0, 0, 4, 0.5], "texture": "#4"},
				"down": {"uv": [0, 0, 4, 0.5], "texture": "#4"}
			}
		},
		{
			"from": [15.9, -7.7, 7.7],
			"to": [19.9, -7.6, 8.2],
			"rotation": {"angle": 22.5, "axis": "z", "origin": [0, 0, 0.1]},
			"faces": {
				"north": {"uv": [0, 0, 4, 0.1], "texture": "#4"},
				"east": {"uv": [0, 0, 0.5, 0.1], "texture": "#4"},
				"south": {"uv": [0, 0, 4, 0.1], "texture": "#4"},
				"west": {"uv": [0, 0, 0.5, 0.1], "texture": "#4"},
				"up": {"uv": [0, 0, 4, 0.5], "texture": "#4"},
				"down": {"uv": [0, 0, 4, 0.5], "texture": "#4"}
			}
		},
		{
			"from": [6.1, 2.4, 7.7],
			"to": [13.5, 2.5, 8.2],
			"rotation": {"angle": -22.5, "axis": "z", "origin": [5.1, 0, 0.1]},
			"faces": {
				"north": {"uv": [0, 0, 7.4, 0.1], "rotation": 180, "texture": "#4"},
				"east": {"uv": [0, 0, 0.5, 0.1], "rotation": 180, "texture": "#4"},
				"south": {"uv": [0, 0, 7.4, 0.1], "rotation": 180, "texture": "#4"},
				"west": {"uv": [0, 0, 0.5, 0.1], "rotation": 180, "texture": "#4"},
				"up": {"uv": [0, 0, 7.4, 0.5], "rotation": 180, "texture": "#4"},
				"down": {"uv": [0, 0, 7.4, 0.5], "rotation": 180, "texture": "#4"}
			}
		},
		{
			"from": [-1.1, 2.6, 7.7],
			"to": [5.1, 2.7, 8.2],
			"rotation": {"angle": -45, "axis": "z", "origin": [5.1, 0, 0.1]},
			"faces": {
				"north": {"uv": [0, 0, 6.2, 0.1], "rotation": 180, "texture": "#4"},
				"east": {"uv": [0, 0, 0.5, 0.1], "rotation": 180, "texture": "#4"},
				"south": {"uv": [0, 0, 6.2, 0.1], "rotation": 180, "texture": "#4"},
				"west": {"uv": [0, 0, 0.5, 0.1], "rotation": 180, "texture": "#4"},
				"up": {"uv": [0, 0, 6.2, 0.5], "rotation": 180, "texture": "#4"},
				"down": {"uv": [0, 0, 6.2, 0.5], "rotation": 180, "texture": "#4"}
			}
		},
		{
			"from": [13.7, -1, 7.7],
			"to": [17.7, -0.9, 8.2],
			"rotation": {"angle": 0, "axis": "z", "origin": [0, 0, 0.1]},
			"faces": {
				"north": {"uv": [0, 0, 4, 0.1], "texture": "#4"},
				"east": {"uv": [0, 0, 0.5, 0.1], "texture": "#4"},
				"south": {"uv": [0, 0, 4, 0.1], "texture": "#4"},
				"west": {"uv": [0, 0, 0.5, 0.1], "texture": "#4"},
				"up": {"uv": [0, 0, 4, 0.5], "texture": "#4"},
				"down": {"uv": [0, 0, 4, 0.5], "texture": "#4"}
			}
		},
		{
			"from": [4.7, 2.3, 4],
			"to": [25.7, 7.3, 9],
			"rotation": {"angle": -45, "axis": "y", "origin": [0, 0, 0.1]},
			"faces": {
				"north": {"uv": [11, 5, 12, 8], "rotation": 270, "texture": "#5"},
				"east": {"uv": [11, 4, 12, 5], "rotation": 180, "texture": "#5"},
				"south": {"uv": [10, 5, 11, 8], "rotation": 90, "texture": "#5"},
				"west": {"uv": [12, 4, 13, 5], "texture": "#5"},
				"up": {"uv": [12, 5, 13, 8], "rotation": 90, "texture": "#5"},
				"down": {"uv": [13, 5, 14, 8], "rotation": 90, "texture": "#5"}
			}
		}
	],
	"gui_light": "front",
	"display": {
		"thirdperson_righthand": {
			"rotation": [0, -90, 0],
			"translation": [-0.25, 1.5, -4.25],
			"scale": [0.8, 0.8, 0.8]
		},
		"thirdperson_lefthand": {
			"rotation": [0, 90, 0],
			"translation": [0, 1.25, -5.5],
			"scale": [0.8, 0.8, 0.8]
		},
		"firstperson_righthand": {
			"rotation": [0, -90, 0],
			"translation": [-9, 6.75, -2],
			"scale": [1.05, 1.09, 1]
		},
		"firstperson_lefthand": {
			"rotation": [0, 90, 0],
			"translation": [-0.5, 3, -7.75],
			"scale": [1.05, 1.09, 1]
		},
		"ground": {
			"translation": [0, 0.5, 0]
		},
		"gui": {
			"rotation": [173.08, 25.97, 149.49],
			"translation": [0.75, 0.75, 0],
			"scale": [0.7, 0.7, 0.7]
		},
		"fixed": {
			"rotation": [0, 180, -45],
			"translation": [-0.25, 1.25, 0],
			"scale": [1.05, 1.05, 1.05]
		}
	}
}