{
	"credit": "Made by SrDarmith - YouTube: Mainclay",
	"textures": {
		"3": "block/hardened clay stained gray",
		"5": "block/hardened clay stained green",
		"7": "block/door iron lower",
		"anvil 1": "block/anvil",
		"particle": "block/hardened clay stained white"
	},
	"elements": [
		{
			"from": [7.775, 14.75, 7.625],
			"to": [8.725, 18, 8.325],
			"rotation": {"angle": 0, "axis": "y", "origin": [0.875, 0, -0.4]},
			"faces": {
				"north": {"uv": [7, 0, 7.75, 8.75], "texture": "#5", "cullface": "up"},
				"east": {"uv": [7.125, 0, 7.625, 8.75], "texture": "#5", "cullface": "up"},
				"south": {"uv": [7, 2, 7.75, 8.75], "texture": "#5", "cullface": "up"},
				"west": {"uv": [7.125, 0, 7.625, 8.75], "texture": "#5", "cullface": "up"},
				"up": {"uv": [7, 8.125, 7.75, 8.625], "texture": "#5", "cullface": "up"},
				"down": {"uv": [7, 8.125, 7.75, 8.625], "texture": "#5", "cullface": "up"}
			}
		},
		{
			"from": [6.5, 6.5, 6.975],
			"to": [9.5, 7, 8.975],
			"rotation": {"angle": 0, "axis": "y", "origin": [0.375, 0, -0.4]},
			"faces": {
				"north": {"uv": [3.5, 4.5, 16, 16], "texture": "#3"},
				"east": {"uv": [16, 4, 4, 13.5], "texture": "#3"},
				"south": {"uv": [16, 4, 4, 14.5], "texture": "#3"},
				"west": {"uv": [4, 5, 16, 15.5], "texture": "#3"},
				"up": {"uv": [4, 4, 16, 15.5], "texture": "#3"},
				"down": {"uv": [3.5, 16, 16, 4.5], "texture": "#3"}
			}
		},
		{
			"from": [7.575, 0, 7.3875],
			"to": [8.425, 0.5, 8.6375],
			"rotation": {"angle": 0, "axis": "y", "origin": [0.375, 0, -0.4]},
			"faces": {
				"north": {"uv": [8, 9.75, 8.75, 14.25], "texture": "#3"},
				"east": {"uv": [6.9375, 9.75, 8.1875, 14.25], "texture": "#3"},
				"south": {"uv": [7.25, 9.75, 8, 14.25], "texture": "#3"},
				"west": {"uv": [7.8125, 9.75, 9.0625, 14.25], "texture": "#3"},
				"down": {"uv": [8.75, 9.0625, 8, 7.8125], "texture": "#3"}
			}
		},
		{
			"from": [7.325, 0, 7.6375],
			"to": [8.675, 0.5, 8.3875],
			"rotation": {"angle": 0, "axis": "y", "origin": [0.375, 0, -0.4]},
			"faces": {
				"north": {"uv": [7.75, 9.75, 9, 14.25], "texture": "#3"},
				"east": {"uv": [7.1875, 9.75, 7.9375, 14.25], "texture": "#3"},
				"south": {"uv": [7, 9.75, 8.25, 14.25], "texture": "#3"},
				"west": {"uv": [8.0625, 9.75, 8.8125, 14.25], "texture": "#3"},
				"down": {"uv": [9, 8.8125, 7.75, 8.0625], "texture": "#3"}
			}
		},
		{
			"from": [7.85, 5.45, 7.3375],
			"to": [8.15, 5.8, 8.6875],
			"rotation": {"angle": 0, "axis": "y", "origin": [0.375, 0, -0.4]},
			"faces": {
				"north": {"uv": [8, 9.75, 8.75, 14.25], "texture": "#7"},
				"east": {"uv": [6.9375, 9.75, 8.1875, 14.25], "texture": "#7"},
				"south": {"uv": [7.25, 9.75, 8, 14.25], "texture": "#7"},
				"west": {"uv": [7.8125, 9.75, 9.0625, 14.25], "texture": "#7"},
				"up": {"uv": [8, 8, 9, 9], "texture": "#7"},
				"down": {"uv": [8.75, 9.0625, 8, 7.8125], "texture": "#7"}
			}
		},
		{
			"from": [7.675, 5.05, 7.3375],
			"to": [8.325, 5.2, 8.6875],
			"rotation": {"angle": 0, "axis": "y", "origin": [0.375, 0, -0.4]},
			"faces": {
				"north": {"uv": [8, 9.75, 8.75, 14.25], "texture": "#7"},
				"east": {"uv": [6.9375, 9.75, 8.1875, 14.25], "texture": "#7"},
				"south": {"uv": [7.25, 9.75, 8, 14.25], "texture": "#7"},
				"west": {"uv": [7.8125, 9.75, 9.0625, 14.25], "texture": "#7"},
				"up": {"uv": [8, 8, 9, 9], "texture": "#7"},
				"down": {"uv": [8.75, 9.0625, 8, 7.8125], "texture": "#7"}
			}
		},
		{
			"from": [7.85, 4.95, 7.3375],
			"to": [8.15, 5.3, 8.6875],
			"rotation": {"angle": 0, "axis": "y", "origin": [0.375, 0, -0.4]},
			"faces": {
				"north": {"uv": [8, 9.75, 8.75, 14.25], "texture": "#7"},
				"east": {"uv": [6.9375, 9.75, 8.1875, 14.25], "texture": "#7"},
				"south": {"uv": [7.25, 9.75, 8, 14.25], "texture": "#7"},
				"west": {"uv": [7.8125, 9.75, 9.0625, 14.25], "texture": "#7"},
				"up": {"uv": [8, 8, 9, 9], "texture": "#7"},
				"down": {"uv": [8.75, 9.0625, 8, 7.8125], "texture": "#7"}
			}
		},
		{
			"from": [7.675, 4.55, 7.3375],
			"to": [8.325, 4.7, 8.6875],
			"rotation": {"angle": 0, "axis": "y", "origin": [0.375, 0, -0.4]},
			"faces": {
				"north": {"uv": [8, 9.75, 8.75, 14.25], "texture": "#7"},
				"east": {"uv": [6.9375, 9.75, 8.1875, 14.25], "texture": "#7"},
				"south": {"uv": [7.25, 9.75, 8, 14.25], "texture": "#7"},
				"west": {"uv": [7.8125, 9.75, 9.0625, 14.25], "texture": "#7"},
				"up": {"uv": [8, 8, 9, 9], "texture": "#7"},
				"down": {"uv": [8.75, 9.0625, 8, 7.8125], "texture": "#7"}
			}
		},
		{
			"from": [7.85, 4.45, 7.3375],
			"to": [8.15, 4.8, 8.6875],
			"rotation": {"angle": 0, "axis": "y", "origin": [0.375, 0, -0.4]},
			"faces": {
				"north": {"uv": [8, 9.75, 8.75, 14.25], "texture": "#7"},
				"east": {"uv": [6.9375, 9.75, 8.1875, 14.25], "texture": "#7"},
				"south": {"uv": [7.25, 9.75, 8, 14.25], "texture": "#7"},
				"west": {"uv": [7.8125, 9.75, 9.0625, 14.25], "texture": "#7"},
				"up": {"uv": [8, 8, 9, 9], "texture": "#7"},
				"down": {"uv": [8.75, 9.0625, 8, 7.8125], "texture": "#7"}
			}
		},
		{
			"from": [7.675, 4.05, 7.3375],
			"to": [8.325, 4.2, 8.6875],
			"rotation": {"angle": 0, "axis": "y", "origin": [0.375, 0, -0.4]},
			"faces": {
				"north": {"uv": [8, 9.75, 8.75, 14.25], "texture": "#7"},
				"east": {"uv": [6.9375, 9.75, 8.1875, 14.25], "texture": "#7"},
				"south": {"uv": [7.25, 9.75, 8, 14.25], "texture": "#7"},
				"west": {"uv": [7.8125, 9.75, 9.0625, 14.25], "texture": "#7"},
				"up": {"uv": [8, 8, 9, 9], "texture": "#7"},
				"down": {"uv": [8.75, 9.0625, 8, 7.8125], "texture": "#7"}
			}
		},
		{
			"from": [7.85, 3.95, 7.3375],
			"to": [8.15, 4.3, 8.6875],
			"rotation": {"angle": 0, "axis": "y", "origin": [0.375, 0, -0.4]},
			"faces": {
				"north": {"uv": [8, 9.75, 8.75, 14.25], "texture": "#7"},
				"east": {"uv": [6.9375, 9.75, 8.1875, 14.25], "texture": "#7"},
				"south": {"uv": [7.25, 9.75, 8, 14.25], "texture": "#7"},
				"west": {"uv": [7.8125, 9.75, 9.0625, 14.25], "texture": "#7"},
				"up": {"uv": [8, 8, 9, 9], "texture": "#7"},
				"down": {"uv": [8.75, 9.0625, 8, 7.8125], "texture": "#7"}
			}
		},
		{
			"from": [7.675, 3.55, 7.3375],
			"to": [8.325, 3.7, 8.6875],
			"rotation": {"angle": 0, "axis": "y", "origin": [0.375, 0, -0.4]},
			"faces": {
				"north": {"uv": [8, 9.75, 8.75, 14.25], "texture": "#7"},
				"east": {"uv": [6.9375, 9.75, 8.1875, 14.25], "texture": "#7"},
				"south": {"uv": [7.25, 9.75, 8, 14.25], "texture": "#7"},
				"west": {"uv": [7.8125, 9.75, 9.0625, 14.25], "texture": "#7"},
				"up": {"uv": [8, 8, 9, 9], "texture": "#7"},
				"down": {"uv": [8.75, 9.0625, 8, 7.8125], "texture": "#7"}
			}
		},
		{
			"from": [7.85, 3.45, 7.3375],
			"to": [8.15, 3.8, 8.6875],
			"rotation": {"angle": 0, "axis": "y", "origin": [0.375, 0, -0.4]},
			"faces": {
				"north": {"uv": [8, 9.75, 8.75, 14.25], "texture": "#7"},
				"east": {"uv": [6.9375, 9.75, 8.1875, 14.25], "texture": "#7"},
				"south": {"uv": [7.25, 9.75, 8, 14.25], "texture": "#7"},
				"west": {"uv": [7.8125, 9.75, 9.0625, 14.25], "texture": "#7"},
				"up": {"uv": [8, 8, 9, 9], "texture": "#7"},
				"down": {"uv": [8.75, 9.0625, 8, 7.8125], "texture": "#7"}
			}
		},
		{
			"from": [7.675, 3.05, 7.3375],
			"to": [8.325, 3.2, 8.6875],
			"rotation": {"angle": 0, "axis": "y", "origin": [0.375, 0, -0.4]},
			"faces": {
				"north": {"uv": [8, 9.75, 8.75, 14.25], "texture": "#7"},
				"east": {"uv": [6.9375, 9.75, 8.1875, 14.25], "texture": "#7"},
				"south": {"uv": [7.25, 9.75, 8, 14.25], "texture": "#7"},
				"west": {"uv": [7.8125, 9.75, 9.0625, 14.25], "texture": "#7"},
				"up": {"uv": [8, 8, 9, 9], "texture": "#7"},
				"down": {"uv": [8.75, 9.0625, 8, 7.8125], "texture": "#7"}
			}
		},
		{
			"from": [7.85, 2.95, 7.3375],
			"to": [8.15, 3.3, 8.6875],
			"rotation": {"angle": 0, "axis": "y", "origin": [0.375, 0, -0.4]},
			"faces": {
				"north": {"uv": [8, 9.75, 8.75, 14.25], "texture": "#7"},
				"east": {"uv": [6.9375, 9.75, 8.1875, 14.25], "texture": "#7"},
				"south": {"uv": [7.25, 9.75, 8, 14.25], "texture": "#7"},
				"west": {"uv": [7.8125, 9.75, 9.0625, 14.25], "texture": "#7"},
				"up": {"uv": [8, 8, 9, 9], "texture": "#7"},
				"down": {"uv": [8.75, 9.0625, 8, 7.8125], "texture": "#7"}
			}
		},
		{
			"from": [7.675, 2.55, 7.3375],
			"to": [8.325, 2.7, 8.6875],
			"rotation": {"angle": 0, "axis": "y", "origin": [0.375, 0, -0.4]},
			"faces": {
				"north": {"uv": [8, 9.75, 8.75, 14.25], "texture": "#7"},
				"east": {"uv": [6.9375, 9.75, 8.1875, 14.25], "texture": "#7"},
				"south": {"uv": [7.25, 9.75, 8, 14.25], "texture": "#7"},
				"west": {"uv": [7.8125, 9.75, 9.0625, 14.25], "texture": "#7"},
				"up": {"uv": [8, 8, 9, 9], "texture": "#7"},
				"down": {"uv": [8.75, 9.0625, 8, 7.8125], "texture": "#7"}
			}
		},
		{
			"from": [7.85, 2.45, 7.3375],
			"to": [8.15, 2.8, 8.6875],
			"rotation": {"angle": 0, "axis": "y", "origin": [0.375, 0, -0.4]},
			"faces": {
				"north": {"uv": [8, 9.75, 8.75, 14.25], "texture": "#7"},
				"east": {"uv": [6.9375, 9.75, 8.1875, 14.25], "texture": "#7"},
				"south": {"uv": [7.25, 9.75, 8, 14.25], "texture": "#7"},
				"west": {"uv": [7.8125, 9.75, 9.0625, 14.25], "texture": "#7"},
				"up": {"uv": [8, 8, 9, 9], "texture": "#7"},
				"down": {"uv": [8.75, 9.0625, 8, 7.8125], "texture": "#7"}
			}
		},
		{
			"from": [7.675, 2.05, 7.3375],
			"to": [8.325, 2.2, 8.6875],
			"rotation": {"angle": 0, "axis": "y", "origin": [0.375, 0, -0.4]},
			"faces": {
				"north": {"uv": [8, 9.75, 8.75, 14.25], "texture": "#7"},
				"east": {"uv": [6.9375, 9.75, 8.1875, 14.25], "texture": "#7"},
				"south": {"uv": [7.25, 9.75, 8, 14.25], "texture": "#7"},
				"west": {"uv": [7.8125, 9.75, 9.0625, 14.25], "texture": "#7"},
				"up": {"uv": [8, 8, 9, 9], "texture": "#7"},
				"down": {"uv": [8.75, 9.0625, 8, 7.8125], "texture": "#7"}
			}
		},
		{
			"from": [7.85, 1.95, 7.3375],
			"to": [8.15, 2.3, 8.6875],
			"rotation": {"angle": 0, "axis": "y", "origin": [0.375, 0, -0.4]},
			"faces": {
				"north": {"uv": [8, 9.75, 8.75, 14.25], "texture": "#7"},
				"east": {"uv": [6.9375, 9.75, 8.1875, 14.25], "texture": "#7"},
				"south": {"uv": [7.25, 9.75, 8, 14.25], "texture": "#7"},
				"west": {"uv": [7.8125, 9.75, 9.0625, 14.25], "texture": "#7"},
				"up": {"uv": [8, 8, 9, 9], "texture": "#7"},
				"down": {"uv": [8.75, 9.0625, 8, 7.8125], "texture": "#7"}
			}
		},
		{
			"from": [7.675, 1.05, 7.3375],
			"to": [8.325, 1.2, 8.6875],
			"rotation": {"angle": 0, "axis": "y", "origin": [0.375, 0, -0.4]},
			"faces": {
				"north": {"uv": [8, 9.75, 8.75, 14.25], "texture": "#7"},
				"east": {"uv": [6.9375, 9.75, 8.1875, 14.25], "texture": "#7"},
				"south": {"uv": [7.25, 9.75, 8, 14.25], "texture": "#7"},
				"west": {"uv": [7.8125, 9.75, 9.0625, 14.25], "texture": "#7"},
				"up": {"uv": [8, 8, 9, 9], "texture": "#7"},
				"down": {"uv": [8.75, 9.0625, 8, 7.8125], "texture": "#7"}
			}
		},
		{
			"from": [7.85, 0.95, 7.3375],
			"to": [8.15, 1.3, 8.6875],
			"rotation": {"angle": 0, "axis": "y", "origin": [0.375, 0, -0.4]},
			"faces": {
				"north": {"uv": [8, 9.75, 8.75, 14.25], "texture": "#7"},
				"east": {"uv": [6.9375, 9.75, 8.1875, 14.25], "texture": "#7"},
				"south": {"uv": [7.25, 9.75, 8, 14.25], "texture": "#7"},
				"west": {"uv": [7.8125, 9.75, 9.0625, 14.25], "texture": "#7"},
				"up": {"uv": [8, 8, 9, 9], "texture": "#7"},
				"down": {"uv": [8.75, 9.0625, 8, 7.8125], "texture": "#7"}
			}
		},
		{
			"from": [7.675, 1.55, 7.3375],
			"to": [8.325, 1.7, 8.6875],
			"rotation": {"angle": 0, "axis": "y", "origin": [0.375, 0, -0.4]},
			"faces": {
				"north": {"uv": [8, 9.75, 8.75, 14.25], "texture": "#7"},
				"east": {"uv": [6.9375, 9.75, 8.1875, 14.25], "texture": "#7"},
				"south": {"uv": [7.25, 9.75, 8, 14.25], "texture": "#7"},
				"west": {"uv": [7.8125, 9.75, 9.0625, 14.25], "texture": "#7"},
				"up": {"uv": [8, 8, 9, 9], "texture": "#7"},
				"down": {"uv": [8.75, 9.0625, 8, 7.8125], "texture": "#7"}
			}
		},
		{
			"from": [7.85, 1.45, 7.3375],
			"to": [8.15, 1.8, 8.6875],
			"rotation": {"angle": 0, "axis": "y", "origin": [0.375, 0, -0.4]},
			"faces": {
				"north": {"uv": [8, 9.75, 8.75, 14.25], "texture": "#7"},
				"east": {"uv": [6.9375, 9.75, 8.1875, 14.25], "texture": "#7"},
				"south": {"uv": [7.25, 9.75, 8, 14.25], "texture": "#7"},
				"west": {"uv": [7.8125, 9.75, 9.0625, 14.25], "texture": "#7"},
				"up": {"uv": [8, 8, 9, 9], "texture": "#7"},
				"down": {"uv": [8.75, 9.0625, 8, 7.8125], "texture": "#7"}
			}
		},
		{
			"from": [7.675, 5.55, 7.3375],
			"to": [8.325, 5.7, 8.6875],
			"rotation": {"angle": 0, "axis": "y", "origin": [0.375, 0, -0.4]},
			"faces": {
				"north": {"uv": [8, 9.75, 8.75, 14.25], "texture": "#7"},
				"east": {"uv": [6.9375, 9.75, 8.1875, 14.25], "texture": "#7"},
				"south": {"uv": [7.25, 9.75, 8, 14.25], "texture": "#7"},
				"west": {"uv": [7.8125, 9.75, 9.0625, 14.25], "texture": "#7"},
				"up": {"uv": [8, 8, 9, 9], "texture": "#7"},
				"down": {"uv": [8.75, 9.0625, 8, 7.8125], "texture": "#7"}
			}
		},
		{
			"from": [7.575, 0.5, 7.3875],
			"to": [8.425, 6, 8.6375],
			"rotation": {"angle": 0, "axis": "y", "origin": [0.375, 0, -0.4]},
			"faces": {
				"north": {"uv": [8, 9.75, 8.75, 14.25], "texture": "#anvil 1"},
				"east": {"uv": [6.9375, 9.75, 8.1875, 14.25], "texture": "#anvil 1"},
				"south": {"uv": [7.25, 9.75, 8, 14.25], "texture": "#anvil 1"},
				"west": {"uv": [7.8125, 9.75, 9.0625, 14.25], "texture": "#anvil 1"},
				"down": {"uv": [8.75, 9.0625, 8, 7.8125], "texture": "#anvil 1"}
			}
		},
		{
			"from": [8.475, 28.25, 7.625],
			"to": [9.425, 30.75, 8.325],
			"rotation": {"angle": 0, "axis": "y", "origin": [1.075, 2, -0.4]},
			"faces": {
				"north": {"uv": [7.5, 1, 8.25, 3.5], "texture": "#5", "cullface": "up"},
				"east": {"uv": [8.125, 1, 8.625, 3.5], "texture": "#5", "cullface": "up"},
				"south": {"uv": [7.5, 1, 8.25, 3.5], "texture": "#5", "cullface": "up"},
				"west": {"uv": [8.125, 1, 8.625, 3.5], "texture": "#5", "cullface": "up"},
				"up": {"uv": [7.5, 8.125, 8.25, 8.625], "texture": "#5", "cullface": "up"},
				"down": {"uv": [7.5, 8.125, 8.25, 8.625], "texture": "#5", "cullface": "up"}
			}
		},
		{
			"from": [7.525, 8.25, 7.625],
			"to": [8.475, 14.75, 8.325],
			"rotation": {"angle": 0, "axis": "y", "origin": [0.375, 0, -0.4]},
			"faces": {
				"north": {"uv": [7, 9.25, 7.75, 15], "texture": "#5"},
				"east": {"uv": [7.375, 9.25, 7.875, 15], "texture": "#5"},
				"south": {"uv": [7.25, 9.25, 8, 15], "texture": "#5"},
				"west": {"uv": [7.125, 9.25, 7.625, 15], "texture": "#5"},
				"up": {"uv": [7.25, 14.5, 8, 15], "texture": "#5"}
			}
		},
		{
			"from": [7.275, 6.75, 7.75],
			"to": [8.725, 8.25, 8.2],
			"rotation": {"angle": 0, "axis": "y", "origin": [0.375, 0, -0.4]},
			"faces": {
				"north": {"uv": [7.75, 3.25, 9, 9], "texture": "#5"},
				"east": {"uv": [7.5, 3.25, 7.75, 9], "texture": "#5"},
				"south": {"uv": [7, 3.25, 8.25, 9], "texture": "#5"},
				"west": {"uv": [8.25, 3.25, 8.5, 9], "texture": "#5"},
				"up": {"uv": [7, 8.25, 8.25, 8.5], "texture": "#5"}
			}
		},
		{
			"from": [7.525, 6.75, 7.625],
			"to": [8.475, 8.25, 8.325],
			"rotation": {"angle": 0, "axis": "y", "origin": [0.375, 0, -0.4]},
			"faces": {
				"north": {"uv": [8, 3.25, 8.75, 9], "texture": "#5"},
				"east": {"uv": [7.375, 3.25, 7.875, 9], "texture": "#5"},
				"south": {"uv": [7.25, 3.25, 8, 9], "texture": "#5"},
				"west": {"uv": [8.125, 3.25, 8.625, 9], "texture": "#5"},
				"up": {"uv": [7.25, 8.125, 8, 8.625], "texture": "#5"}
			}
		},
		{
			"from": [8.225, 23.5, 7.625],
			"to": [9.175, 28.25, 8.325],
			"rotation": {"angle": 0, "axis": "y", "origin": [0.875, 0, -0.4]},
			"faces": {
				"north": {"uv": [7.25, 1, 8, 5.75], "texture": "#5", "cullface": "up"},
				"east": {"uv": [8.125, 1, 8.625, 5.75], "texture": "#5", "cullface": "up"},
				"south": {"uv": [7.25, 1, 8, 5.75], "texture": "#5", "cullface": "up"},
				"west": {"uv": [8.125, 1, 8.625, 5.75], "texture": "#5", "cullface": "up"},
				"up": {"uv": [7.25, 8.125, 8, 8.625], "texture": "#5", "cullface": "up"},
				"down": {"uv": [7.25, 8.125, 8, 8.625], "texture": "#5", "cullface": "up"}
			}
		},
		{
			"from": [7.525, 14.5, 7.75],
			"to": [8.975, 18, 8.2],
			"rotation": {"angle": 0, "axis": "y", "origin": [0.875, 0, -0.4]},
			"faces": {
				"north": {"uv": [6.75, 0, 8, 8.75], "texture": "#5", "cullface": "up"},
				"east": {"uv": [7.25, 0, 7.5, 8.75], "texture": "#5", "cullface": "up"},
				"south": {"uv": [6.75, 2, 8, 8.75], "texture": "#5", "cullface": "up"},
				"west": {"uv": [7.25, 0, 7.5, 8.75], "texture": "#5", "cullface": "up"},
				"up": {"uv": [6.75, 8.25, 8, 8.5], "texture": "#5", "cullface": "up"},
				"down": {"uv": [6.75, 8.25, 8, 8.5], "texture": "#5", "cullface": "up"}
			}
		},
		{
			"from": [7.975, 17.75, 7.625],
			"to": [8.925, 23.5, 8.325],
			"rotation": {"angle": 0, "axis": "y", "origin": [0.875, 0, -0.4]},
			"faces": {
				"north": {"uv": [7, 0, 7.75, 8.75], "texture": "#5", "cullface": "up"},
				"east": {"uv": [7.125, 0, 7.625, 8.75], "texture": "#5", "cullface": "up"},
				"south": {"uv": [7, 2, 7.75, 8.75], "texture": "#5", "cullface": "up"},
				"west": {"uv": [7.125, 0, 7.625, 8.75], "texture": "#5", "cullface": "up"},
				"up": {"uv": [7, 8.125, 7.75, 8.625], "texture": "#5", "cullface": "up"},
				"down": {"uv": [7, 8.125, 7.75, 8.625], "texture": "#5", "cullface": "up"}
			}
		},
		{
			"from": [7.725, 17.5, 7.75],
			"to": [9.175, 23.5, 8.2],
			"rotation": {"angle": 0, "axis": "y", "origin": [0.875, 0, -0.4]},
			"faces": {
				"north": {"uv": [6.75, 0, 8, 8.75], "texture": "#5", "cullface": "up"},
				"east": {"uv": [7.25, 0, 7.5, 8.75], "texture": "#5", "cullface": "up"},
				"south": {"uv": [6.75, 2, 8, 8.75], "texture": "#5", "cullface": "up"},
				"west": {"uv": [7.25, 0, 7.5, 8.75], "texture": "#5", "cullface": "up"},
				"up": {"uv": [6.75, 8.25, 8, 8.5], "texture": "#5", "cullface": "up"},
				"down": {"uv": [6.75, 8.25, 8, 8.5], "texture": "#5", "cullface": "up"}
			}
		},
		{
			"from": [7.975, 23.25, 7.75],
			"to": [9.425, 28.25, 8.2],
			"rotation": {"angle": 0, "axis": "y", "origin": [0.875, 0, -0.4]},
			"faces": {
				"north": {"uv": [7, 1, 8.25, 5.75], "texture": "#5", "cullface": "up"},
				"east": {"uv": [8.25, 1, 8.5, 5.75], "texture": "#5", "cullface": "up"},
				"south": {"uv": [7, 1, 8.25, 5.75], "texture": "#5", "cullface": "up"},
				"west": {"uv": [8.25, 1, 8.5, 5.75], "texture": "#5", "cullface": "up"},
				"up": {"uv": [7, 8.25, 8.25, 8.5], "texture": "#5", "cullface": "up"},
				"down": {"uv": [7, 8.25, 8.25, 8.5], "texture": "#5", "cullface": "up"}
			}
		},
		{
			"from": [8.225, 28, 7.75],
			"to": [9.675, 30.75, 8.2],
			"rotation": {"angle": 0, "axis": "y", "origin": [1.075, 2, -0.4]},
			"faces": {
				"north": {"uv": [7.25, 1, 8.5, 3.5], "texture": "#5", "cullface": "up"},
				"east": {"uv": [8.25, 1, 8.5, 3.5], "texture": "#5", "cullface": "up"},
				"south": {"uv": [7.25, 1, 8.5, 3.5], "texture": "#5", "cullface": "up"},
				"west": {"uv": [8.25, 1, 8.5, 3.5], "texture": "#5", "cullface": "up"},
				"up": {"uv": [7.25, 8.25, 8.5, 8.5], "texture": "#5", "cullface": "up"},
				"down": {"uv": [7.25, 8.25, 8.5, 8.5], "texture": "#5", "cullface": "up"}
			}
		},
		{
			"from": [7.275, 8.25, 7.75],
			"to": [8.725, 14.75, 8.2],
			"rotation": {"angle": 0, "axis": "y", "origin": [0.375, 0, -0.4]},
			"faces": {
				"north": {"uv": [6.75, 9.25, 8, 15], "texture": "#5"},
				"east": {"uv": [7.5, 9.25, 7.75, 15], "texture": "#5"},
				"south": {"uv": [7, 9.25, 8.25, 15], "texture": "#5"},
				"west": {"uv": [7.25, 9.25, 7.5, 15], "texture": "#5"},
				"up": {"uv": [7, 14.625, 8.25, 14.875], "texture": "#5"}
			}
		},
		{
			"from": [9.225, 30.325, 7.75],
			"to": [9.675, 31.75, 8.2],
			"rotation": {"angle": -45, "axis": "z", "origin": [9.325, 31.75, 7.85]},
			"faces": {
				"north": {"uv": [8.25, 1, 8.5, 2.5], "texture": "#5", "cullface": "up"},
				"east": {"uv": [8.25, 1, 8.5, 2.5], "texture": "#5", "cullface": "up"},
				"south": {"uv": [8.25, 1, 8.5, 2.5], "texture": "#5", "cullface": "up"},
				"west": {"uv": [8.25, 1, 8.5, 2.5], "texture": "#5", "cullface": "up"},
				"up": {"uv": [8.25, 8.25, 8.5, 8.5], "texture": "#5", "cullface": "up"},
				"down": {"uv": [8.25, 8.25, 8.5, 8.5], "texture": "#5", "cullface": "up"}
			}
		},
		{
			"from": [9.225, 30.75, 7.75],
			"to": [9.675, 31.75, 8.2],
			"rotation": {"angle": 0, "axis": "y", "origin": [1.075, 2, -0.4]},
			"faces": {
				"north": {"uv": [8.25, 1, 8.5, 2], "texture": "#5", "cullface": "up"},
				"east": {"uv": [8.25, 1, 8.5, 2], "texture": "#5", "cullface": "up"},
				"south": {"uv": [8.25, 1, 8.5, 2], "texture": "#5", "cullface": "up"},
				"west": {"uv": [8.25, 1, 8.5, 2], "texture": "#5", "cullface": "up"},
				"up": {"uv": [8.25, 8.25, 8.5, 8.5], "texture": "#5", "cullface": "up"}
			}
		},
		{
			"from": [8.975, 30.75, 7.75],
			"to": [9.425, 31.5, 8.2],
			"rotation": {"angle": 0, "axis": "y", "origin": [1.075, 2, -0.4]},
			"faces": {
				"north": {"uv": [8, 1, 8.25, 1.75], "texture": "#5", "cullface": "up"},
				"south": {"uv": [8, 1, 8.25, 1.75], "texture": "#5", "cullface": "up"},
				"west": {"uv": [8.25, 1, 8.5, 1.75], "texture": "#5", "cullface": "up"},
				"up": {"uv": [8, 8.25, 8.25, 8.5], "texture": "#5", "cullface": "up"}
			}
		},
		{
			"from": [8.725, 30.75, 7.75],
			"to": [9.175, 31.25, 8.2],
			"rotation": {"angle": 0, "axis": "y", "origin": [1.075, 2, -0.4]},
			"faces": {
				"north": {"uv": [7.75, 1, 8, 1.5], "texture": "#5", "cullface": "up"},
				"south": {"uv": [7.75, 1, 8, 1.5], "texture": "#5", "cullface": "up"},
				"west": {"uv": [8.25, 1, 8.5, 1.5], "texture": "#5", "cullface": "up"},
				"up": {"uv": [7.75, 8.25, 8, 8.5], "texture": "#5", "cullface": "up"}
			}
		},
		{
			"from": [8.475, 30.75, 7.75],
			"to": [8.925, 31, 8.2],
			"rotation": {"angle": 0, "axis": "y", "origin": [1.075, 2, -0.4]},
			"faces": {
				"north": {"uv": [7.5, 1, 7.75, 1.25], "texture": "#5", "cullface": "up"},
				"south": {"uv": [7.5, 1, 7.75, 1.25], "texture": "#5", "cullface": "up"},
				"west": {"uv": [8.25, 1, 8.5, 1.25], "texture": "#5", "cullface": "up"},
				"up": {"uv": [7.5, 8.25, 7.75, 8.5], "texture": "#5", "cullface": "up"}
			}
		},
		{
			"from": [6.875, 6.5, 6.725],
			"to": [9.125, 7, 9.225],
			"rotation": {"angle": 0, "axis": "y", "origin": [0.375, 0, -0.4]},
			"faces": {
				"north": {"uv": [3.5, 4.5, 16, 16], "texture": "#3"},
				"east": {"uv": [16, 4, 4, 13.5], "texture": "#3"},
				"south": {"uv": [16, 4, 4, 14.5], "texture": "#3"},
				"west": {"uv": [4, 5, 16, 15.5], "texture": "#3"},
				"up": {"uv": [4, 4, 16, 15.5], "texture": "#3"},
				"down": {"uv": [3.5, 16, 16, 4.5], "texture": "#3"}
			}
		},
		{
			"from": [6.875, 6.25, 7.0125],
			"to": [9.125, 6.5, 8.9875],
			"rotation": {"angle": 0, "axis": "y", "origin": [0.375, 0, -0.4]},
			"faces": {
				"north": {"uv": [0, 0, 0.5, 0.5], "texture": "#3"},
				"east": {"uv": [0.5, 0, 0, 0.5], "texture": "#3"},
				"south": {"uv": [0.5, 0, 0, 0.5], "texture": "#3"},
				"west": {"uv": [0, 0, 0.5, 0.5], "texture": "#3"},
				"down": {"uv": [0, 0.5, 0.5, 0], "texture": "#3"}
			}
		},
		{
			"from": [7.325, 0.5, 7.6375],
			"to": [8.675, 6, 8.3875],
			"rotation": {"angle": 0, "axis": "y", "origin": [0.375, 0, -0.4]},
			"faces": {
				"north": {"uv": [7.75, 9.75, 9, 14.25], "texture": "#anvil 1"},
				"east": {"uv": [7.1875, 9.75, 7.9375, 14.25], "texture": "#anvil 1"},
				"south": {"uv": [7, 9.75, 8.25, 14.25], "texture": "#anvil 1"},
				"west": {"uv": [8.0625, 9.75, 8.8125, 14.25], "texture": "#anvil 1"},
				"down": {"uv": [9, 8.8125, 7.75, 8.0625], "texture": "#anvil 1"}
			}
		},
		{
			"from": [7.575, 6, 7.3875],
			"to": [8.425, 6.25, 8.6375],
			"rotation": {"angle": 0, "axis": "y", "origin": [0.375, 0, -0.4]},
			"faces": {
				"north": {"uv": [8, 9.75, 8.75, 14.25], "texture": "#7"},
				"east": {"uv": [6.9375, 9.75, 8.1875, 14.25], "texture": "#7"},
				"south": {"uv": [7.25, 9.75, 8, 14.25], "texture": "#7"},
				"west": {"uv": [7.8125, 9.75, 9.0625, 14.25], "texture": "#7"},
				"down": {"uv": [8.75, 9.0625, 8, 7.8125], "texture": "#7"}
			}
		},
		{
			"from": [7.325, 6, 7.6375],
			"to": [8.675, 6.25, 8.3875],
			"rotation": {"angle": 0, "axis": "y", "origin": [0.375, 0, -0.4]},
			"faces": {
				"north": {"uv": [7.75, 9.75, 9, 14.25], "texture": "#7"},
				"east": {"uv": [7.1875, 9.75, 7.9375, 14.25], "texture": "#7"},
				"south": {"uv": [7, 9.75, 8.25, 14.25], "texture": "#7"},
				"west": {"uv": [8.0625, 9.75, 8.8125, 14.25], "texture": "#7"},
				"down": {"uv": [9, 8.8125, 7.75, 8.0625], "texture": "#7"}
			}
		}
	],
	"gui_light": "front",
	"display": {
		"thirdperson_righthand": {
			"rotation": [-81.5, 80.5, -112.5],
			"translation": [0, -1.25, 0.75]
		},
		"thirdperson_lefthand": {
			"rotation": [0, 90, 0],
			"translation": [0, 2, 1.25]
		},
		"firstperson_righthand": {
			"rotation": [-95.24, 80.84, -138.04],
			"translation": [0.75, 0.5, -3.75],
			"scale": [0.94, 0.91, 0.94]
		},
		"firstperson_lefthand": {
			"rotation": [0, -90, -14],
			"translation": [5, 0.5, -3.75],
			"scale": [0.94, 0.91, 0.94]
		},
		"ground": {
			"rotation": [0, 0, 45],
			"translation": [4, 2, 0],
			"scale": [0.9, 0.9, 0.9]
		},
		"gui": {
			"rotation": [6.9, 25.21, -36.49],
			"translation": [-3.75, -4.5, 0],
			"scale": [0.8, 0.8, 0.8]
		},
		"fixed": {
			"rotation": [180, 0, -89.25],
			"translation": [-10.95, -0.95, -0.6],
			"scale": [1.5, 1.5, 1.5]
		}
	}
}