{
	"credit": "Made by SrDarmith - YouTube: Mainclay",
	"textures": {
		"3": "block/skin/skin",
		"texture": "block/anvil",
		"blade": "block/lightguntexture",
		"particle": "block/hardened clay stained gray",
		"dark wood blade": "block/hardened clay stained gray"
	},
	"elements": [
		{
			"from": [3, 9.95, 7.65],
			"to": [12.95, 10.825, 8.2],
			"rotation": {"angle": 0, "axis": "y", "origin": [0, -0.25, 0.2]},
			"faces": {
				"north": {"uv": [2.5, 2.95, 13, 3.95], "texture": "#texture"},
				"east": {"uv": [8, 4.75, 8.75, 5.75], "texture": "#texture"},
				"south": {"uv": [16, 12, 15, 11], "texture": "#texture"},
				"west": {"uv": [12, 2, 10, 1], "texture": "#texture"},
				"up": {"uv": [2, 7.25, 12.5, 8], "texture": "#texture"},
				"down": {"uv": [14, 8, 3.5, 7.25], "texture": "#texture"}
			}
		},
		{
			"from": [5.5, 9.175, 7.775],
			"to": [12.75, 9.95, 9.125],
			"rotation": {"angle": 0, "axis": "y", "origin": [0, -0.25, 0.2]},
			"faces": {
				"north": {"uv": [2.65, 3.35, 11.9, 3.6], "texture": "#texture"},
				"east": {"uv": [6.75, 5.75, 8.75, 6], "texture": "#texture"},
				"south": {"uv": [3.5, 5.75, 12.75, 6], "texture": "#texture"},
				"west": {"uv": [7.25, 5.75, 9.25, 6], "texture": "#texture"},
				"up": {"uv": [3.5, 7.25, 12.75, 9.25], "texture": "#texture"},
				"down": {"uv": [12.5, 9.25, 3.25, 7.25], "texture": "#texture"}
			}
		},
		{
			"from": [3, 9.425, 7.875],
			"to": [12.75, 9.975, 9.025],
			"rotation": {"angle": 0, "axis": "y", "origin": [0, -0.25, 0.2]},
			"faces": {
				"north": {"uv": [4.5, 6, 14, 7], "texture": "#texture"},
				"east": {"uv": [7.25, 5.5, 8.25, 6.5], "texture": "#texture"},
				"south": {"uv": [2, 5.5, 11.5, 6.5], "texture": "#texture"},
				"west": {"uv": [12, 2, 10, 1], "texture": "#texture"},
				"up": {"uv": [2, 7.75, 11.5, 8.75], "texture": "#texture"},
				"down": {"uv": [14, 8.75, 4.5, 7.75], "texture": "#texture"}
			}
		},
		{
			"from": [3, 9.175, 8.05],
			"to": [12.75, 9.425, 8.85],
			"rotation": {"angle": 0, "axis": "y", "origin": [0, -0.25, 0.2]},
			"faces": {
				"north": {"uv": [4.5, 6, 14, 7], "texture": "#texture"},
				"east": {"uv": [7.25, 5.5, 8.25, 6.5], "texture": "#texture"},
				"south": {"uv": [2, 5.5, 11.5, 6.5], "texture": "#texture"},
				"west": {"uv": [12, 2, 10, 1], "texture": "#texture"},
				"up": {"uv": [2, 7.75, 11.5, 8.75], "texture": "#texture"},
				"down": {"uv": [14, 8.75, 4.5, 7.75], "texture": "#texture"}
			}
		},
		{
			"from": [5.5, 9, 7.875],
			"to": [12.3, 9.175, 9.025],
			"rotation": {"angle": 0, "axis": "y", "origin": [0, -0.25, 0.2]},
			"faces": {
				"north": {"uv": [4.5, 6, 12.25, 6.75], "texture": "#texture"},
				"east": {"uv": [7, 6, 8.5, 6.75], "texture": "#texture"},
				"south": {"uv": [3.75, 6, 12.5, 6.75], "texture": "#texture"},
				"west": {"uv": [7.5, 6, 9, 6.75], "texture": "#texture"},
				"down": {"uv": [12.25, 9, 3.5, 7.5], "texture": "#texture"}
			}
		},
		{
			"from": [3, 11.025, 7.95],
			"to": [8.225, 11.225, 8.95],
			"rotation": {"angle": 0, "axis": "y", "origin": [0, -0.25, 0.2]},
			"faces": {
				"north": {"uv": [8, 3.25, 13, 3.5], "texture": "#texture"},
				"east": {"uv": [7, 4.25, 8.5, 4.5], "texture": "#texture"},
				"south": {"uv": [2, 4.25, 7, 4.5], "texture": "#texture"},
				"west": {"uv": [12, 2, 10, 1], "texture": "#texture"},
				"up": {"uv": [2, 6.5, 7, 8], "texture": "#texture"}
			}
		},
		{
			"from": [9.775, 11.025, 7.95],
			"to": [12.75, 11.225, 8.95],
			"rotation": {"angle": 0, "axis": "y", "origin": [0, -0.25, 0.2]},
			"faces": {
				"north": {"uv": [3.5, 4.25, 7, 4.5], "texture": "#texture"},
				"east": {"uv": [7, 4.25, 8.5, 4.5], "texture": "#texture"},
				"south": {"uv": [9, 4.25, 12.5, 4.5], "texture": "#texture"},
				"west": {"uv": [7.5, 4.25, 9, 4.5], "texture": "#texture"},
				"up": {"uv": [9, 7.5, 12.5, 9], "texture": "#texture"}
			}
		},
		{
			"from": [3.175, 11.15, 8.325],
			"to": [3.725, 11.4, 8.575],
			"rotation": {"angle": 0, "axis": "y", "origin": [0, -0.25, 0.2]},
			"faces": {
				"north": {"uv": [13, 4, 13.75, 4.25], "texture": "#texture"},
				"east": {"uv": [7.5, 4, 8, 4.25], "texture": "#texture"},
				"south": {"uv": [2.25, 4, 3, 4.25], "texture": "#texture"},
				"west": {"uv": [8, 4, 8.5, 4.25], "texture": "#texture"},
				"up": {"uv": [2.25, 8, 3, 8.5], "texture": "#texture"}
			}
		},
		{
			"from": [9.525, 10.825, 7.775],
			"to": [12.95, 11.025, 9.125],
			"rotation": {"angle": 0, "axis": "y", "origin": [0, -0.25, 0.2]},
			"faces": {
				"north": {"uv": [3.5, 4.5, 7, 5.75], "texture": "#texture"},
				"east": {"uv": [7, 4.5, 8.5, 5.75], "texture": "#texture"},
				"south": {"uv": [9, 4.5, 12.5, 5.75], "texture": "#texture"},
				"west": {"uv": [7.5, 4.5, 9, 5.75], "texture": "#texture"},
				"up": {"uv": [0, 0, 1, 1], "texture": "#texture"},
				"down": {"uv": [16, 12, 15, 11], "texture": "#texture"}
			}
		},
		{
			"from": [3, 10.825, 7.775],
			"to": [8.225, 11.025, 9.125],
			"rotation": {"angle": 0, "axis": "y", "origin": [0, -0.25, 0.2]},
			"faces": {
				"north": {"uv": [8, 3.5, 13, 3.75], "texture": "#texture"},
				"east": {"uv": [7, 4.5, 8.5, 4.75], "texture": "#texture"},
				"south": {"uv": [2, 4.5, 7, 4.75], "texture": "#texture"},
				"west": {"uv": [12, 2, 10, 1], "texture": "#texture"},
				"up": {"uv": [0, 0, 1, 1], "texture": "#texture"},
				"down": {"uv": [16, 11, 15, 12], "texture": "#texture"}
			}
		},
		{
			"from": [7.2, 10.925, 8.075],
			"to": [9.8, 11.125, 8.675],
			"rotation": {"angle": 0, "axis": "y", "origin": [0, -0.25, 0.2]},
			"faces": {
				"north": {"uv": [7, 4.25, 9, 4.75], "texture": "#blade"},
				"east": {"uv": [7.25, 4.25, 8.25, 4.75], "texture": "#blade"},
				"south": {"uv": [7, 4.25, 9, 4.75], "texture": "#blade"},
				"west": {"uv": [7.75, 4.25, 8.75, 4.75], "texture": "#blade"},
				"up": {"uv": [7, 7.75, 9, 8.75], "texture": "#blade"},
				"down": {"uv": [9, 8.75, 7, 7.75], "texture": "#blade"}
			}
		},
		{
			"from": [7.2, 10.825, 7.9],
			"to": [9.55, 10.95, 8.875],
			"rotation": {"angle": 0, "axis": "y", "origin": [0, -0.25, 0.2]},
			"faces": {
				"north": {"uv": [7, 4.25, 9, 4.75], "texture": "#blade"},
				"east": {"uv": [7.25, 4.25, 8.25, 4.75], "texture": "#blade"},
				"south": {"uv": [7, 4.25, 9, 4.75], "texture": "#blade"},
				"west": {"uv": [7.75, 4.25, 8.75, 4.75], "texture": "#blade"},
				"up": {"uv": [7, 7.75, 9, 8.75], "texture": "#blade"},
				"down": {"uv": [16, 11, 15, 12], "texture": "#texture"}
			}
		},
		{
			"from": [2.75, 10.275, 7.95],
			"to": [3, 10.775, 8.2],
			"rotation": {"angle": 0, "axis": "y", "origin": [0, -0.25, 0.2]},
			"faces": {
				"north": {"uv": [11.4, 4.3, 11.65, 5.3], "texture": "#texture"},
				"east": {"uv": [8, 4.5, 8.25, 5.5], "texture": "#texture"},
				"south": {"uv": [16, 12, 15, 11], "texture": "#texture"},
				"west": {"uv": [6.2, 0.65, 6.45, 1.65], "texture": "#texture"},
				"up": {"uv": [1.75, 7.75, 2, 8], "texture": "#texture"},
				"down": {"uv": [14.25, 8, 14, 7.75], "texture": "#texture"}
			}
		},
		{
			"from": [2.75, 10.275, 8.7],
			"to": [3, 10.775, 8.95],
			"rotation": {"angle": 0, "axis": "y", "origin": [0, -0.25, 0.2]},
			"faces": {
				"north": {"uv": [16, 12, 15, 11], "texture": "#texture"},
				"east": {"uv": [7.25, 4.5, 7.5, 5.5], "texture": "#texture"},
				"south": {"uv": [1.75, 4.5, 2, 5.5], "texture": "#texture"},
				"west": {"uv": [6.95, 0.65, 7.2, 1.65], "texture": "#texture"},
				"up": {"uv": [1.75, 8.5, 2, 8.75], "texture": "#texture"},
				"down": {"uv": [14.25, 8.75, 14, 8.5], "texture": "#texture"}
			}
		},
		{
			"from": [2.75, 10.025, 8.2],
			"to": [11.25, 10.275, 8.7],
			"rotation": {"angle": 0, "axis": "y", "origin": [0, -0.25, 0.2]},
			"faces": {
				"north": {"uv": [0, 0, 1, 1], "texture": "#texture"},
				"east": {"uv": [7.5, 5.25, 8, 5.5], "texture": "#texture"},
				"south": {"uv": [0, 0, 1, 1], "texture": "#texture"},
				"west": {"uv": [6.45, 1.4, 6.95, 1.65], "texture": "#texture"},
				"up": {"uv": [15, 12, 16, 11], "texture": "#texture"},
				"down": {"uv": [14.25, 8.5, 14, 8], "texture": "#texture"}
			}
		},
		{
			"from": [2.875, 9.35, 8.2],
			"to": [3.125, 10.025, 8.7],
			"rotation": {"angle": 0, "axis": "y", "origin": [0, -0.25, 0.2]},
			"faces": {
				"north": {"uv": [0, 0, 1, 1], "texture": "#texture"},
				"east": {"uv": [7.5, 5.25, 8, 5.5], "texture": "#texture"},
				"south": {"uv": [0, 0, 1, 1], "texture": "#texture"},
				"west": {"uv": [6.45, 1.4, 6.95, 1.65], "texture": "#texture"},
				"up": {"uv": [1.75, 8, 2, 8.5], "texture": "#texture"},
				"down": {"uv": [14.25, 8.5, 14, 8], "texture": "#texture"}
			}
		},
		{
			"from": [2.875, 11.025, 8.2],
			"to": [3.125, 11.15, 8.7],
			"rotation": {"angle": 0, "axis": "y", "origin": [0, -0.25, 0.2]},
			"faces": {
				"north": {"uv": [0, 0, 1, 1], "texture": "#texture"},
				"east": {"uv": [7.5, 5.25, 8, 5.5], "texture": "#texture"},
				"south": {"uv": [0, 0, 1, 1], "texture": "#texture"},
				"west": {"uv": [6.45, 1.4, 6.95, 1.65], "texture": "#texture"},
				"up": {"uv": [1.75, 8, 2, 8.5], "texture": "#texture"},
				"down": {"uv": [14.25, 8.5, 14, 8], "texture": "#texture"}
			}
		},
		{
			"from": [3, 9.95, 8.7],
			"to": [12.95, 10.825, 9.25],
			"rotation": {"angle": 0, "axis": "y", "origin": [0, -0.25, 0.2]},
			"faces": {
				"north": {"uv": [16, 12, 15, 11], "texture": "#texture"},
				"east": {"uv": [6.75, 4.75, 7.5, 5.75], "texture": "#texture"},
				"south": {"uv": [2, 4.75, 12.5, 5.75], "texture": "#texture"},
				"west": {"uv": [12, 2, 10, 1], "texture": "#texture"},
				"up": {"uv": [2, 8.5, 12.5, 9.25], "texture": "#texture"},
				"down": {"uv": [14, 9.25, 3.5, 8.5], "texture": "#texture"}
			}
		},
		{
			"from": [11.05, 9.725, 7.625],
			"to": [11.75, 10.8, 9.275],
			"rotation": {"angle": 0, "axis": "y", "origin": [0, -0.25, 0.2]},
			"faces": {
				"north": {"uv": [7, 9, 2, 8], "texture": "#texture"},
				"east": {"uv": [6.75, 4.75, 7.5, 5.75], "texture": "#texture"},
				"south": {"uv": [2, 8, 7, 9], "texture": "#texture"},
				"west": {"uv": [12, 2, 10, 1], "texture": "#texture"},
				"up": {"uv": [2, 8.5, 12.5, 9.25], "texture": "#texture"},
				"down": {"uv": [14, 9.25, 3.5, 8.5], "texture": "#texture"}
			}
		},
		{
			"from": [11.75, 9.725, 7.625],
			"to": [12.3, 10.8, 9.275],
			"rotation": {"angle": 0, "axis": "y", "origin": [0, -0.25, 0.2]},
			"faces": {
				"north": {"uv": [6.75, 9, 3, 8], "texture": "#texture"},
				"east": {"uv": [6.75, 4.75, 7.5, 5.75], "texture": "#texture"},
				"south": {"uv": [3, 8, 6.75, 9], "texture": "#texture"},
				"west": {"uv": [12, 2, 10, 1], "texture": "#texture"},
				"up": {"uv": [2, 8.5, 12.5, 9.25], "texture": "#texture"},
				"down": {"uv": [14, 9.25, 3.5, 8.5], "texture": "#texture"}
			}
		},
		{
			"from": [10.5, 9.725, 7.625],
			"to": [11.05, 10.8, 9.275],
			"rotation": {"angle": 0, "axis": "y", "origin": [0, -0.25, 0.2]},
			"faces": {
				"north": {"uv": [6, 9, 2, 8], "texture": "#texture"},
				"east": {"uv": [6.75, 4.75, 7.5, 5.75], "texture": "#texture"},
				"south": {"uv": [2, 8, 6, 9], "texture": "#texture"},
				"west": {"uv": [12, 2, 10, 1], "texture": "#texture"},
				"up": {"uv": [2, 8.5, 12.5, 9.25], "texture": "#texture"},
				"down": {"uv": [14, 9.25, 3.5, 8.5], "texture": "#texture"}
			}
		},
		{
			"from": [5, 9.7, 7.65],
			"to": [12.95, 9.95, 8.2],
			"rotation": {"angle": 0, "axis": "y", "origin": [0, -0.25, 0.2]},
			"faces": {
				"north": {"uv": [2.5, 3.1, 11.5, 3.85], "texture": "#texture"},
				"east": {"uv": [8, 4.75, 8.75, 5.75], "texture": "#texture"},
				"south": {"uv": [16, 12, 15, 11], "texture": "#texture"},
				"west": {"uv": [7.25, 4.75, 8, 5.75], "texture": "#texture"},
				"up": {"uv": [2, 7.25, 12.5, 8], "texture": "#texture"},
				"down": {"uv": [14, 8, 3.5, 7.25], "texture": "#texture"}
			}
		},
		{
			"from": [5, 9.7, 8.7],
			"to": [12.95, 9.95, 9.25],
			"rotation": {"angle": 0, "axis": "y", "origin": [0, -0.25, 0.2]},
			"faces": {
				"north": {"uv": [3.5, 4.75, 14, 5.75], "texture": "#texture"},
				"east": {"uv": [6.75, 4.75, 7.5, 5.75], "texture": "#texture"},
				"south": {"uv": [4, 5, 12.5, 5.75], "texture": "#texture"},
				"west": {"uv": [8.5, 4.75, 9.25, 5.75], "texture": "#texture"},
				"up": {"uv": [2, 8.5, 12.5, 9.25], "texture": "#texture"},
				"down": {"uv": [14, 9.25, 3.5, 8.5], "texture": "#texture"}
			}
		},
		{
			"from": [2.75, 10.775, 8.2],
			"to": [3, 11.025, 8.7],
			"rotation": {"angle": 0, "axis": "y", "origin": [0, -0.25, 0.2]},
			"faces": {
				"north": {"uv": [0, 0, 1, 1], "texture": "#texture"},
				"east": {"uv": [0, 0, 1, 1], "texture": "#texture"},
				"south": {"uv": [0, 0, 1, 1], "texture": "#texture"},
				"west": {"uv": [6.45, 0.65, 6.95, 0.9], "texture": "#texture"},
				"up": {"uv": [1.75, 8, 2, 8.5], "texture": "#texture"},
				"down": {"uv": [15, 11, 16, 12], "texture": "#texture"}
			}
		},
		{
			"from": [7.85, 7.55, 8.1],
			"to": [8.1, 8.825, 8.8],
			"rotation": {"angle": 0, "axis": "y", "origin": [-0.25, 0.1, 0.2]},
			"faces": {
				"north": {"uv": [7.75, 7.25, 8, 8.5], "texture": "#texture"},
				"east": {"uv": [7.5, 7.25, 8, 8.5], "texture": "#texture"},
				"south": {"uv": [8, 7.25, 8.25, 8.5], "texture": "#texture"},
				"west": {"uv": [8, 7.25, 8.5, 8.5], "texture": "#texture"},
				"down": {"uv": [8, 8.5, 7.75, 8], "texture": "#texture"}
			}
		},
		{
			"from": [8.1, 7.3, 8.1],
			"to": [10.1, 7.55, 8.8],
			"rotation": {"angle": 0, "axis": "y", "origin": [-0.25, 0.1, 0.2]},
			"faces": {
				"north": {"uv": [5.75, 8.5, 7.75, 8.75], "texture": "#texture"},
				"south": {"uv": [8.25, 8.5, 10.25, 8.75], "texture": "#texture"},
				"west": {"uv": [8, 8.5, 8.5, 8.75], "texture": "#texture"},
				"up": {"uv": [8.25, 8, 10.25, 8.5], "texture": "#texture"},
				"down": {"uv": [7.75, 8.5, 5.75, 8], "texture": "#texture"}
			}
		},
		{
			"from": [8.1, 7.55, 8.1],
			"to": [8.35, 7.8, 8.8],
			"rotation": {"angle": 0, "axis": "y", "origin": [-0.25, 0.1, 0.2]},
			"faces": {
				"north": {"uv": [7.5, 8.25, 7.75, 8.5], "texture": "#texture"},
				"east": {"uv": [7.5, 8.25, 8, 8.5], "texture": "#texture"},
				"south": {"uv": [8.25, 8.25, 8.5, 8.5], "texture": "#texture"},
				"up": {"uv": [8.25, 8, 8.5, 8.5], "texture": "#texture"}
			}
		},
		{
			"from": [11.375, 8.55, 7.675],
			"to": [11.625, 8.8, 9.225],
			"rotation": {"angle": 0, "axis": "y", "origin": [0, 0.1, 0.2]},
			"faces": {
				"north": {"uv": [7.5, 8.25, 7.75, 8.5], "texture": "#texture"},
				"east": {"uv": [7.5, 8.25, 8, 8.5], "texture": "#texture"},
				"south": {"uv": [8.25, 8.25, 8.5, 8.5], "texture": "#texture"},
				"west": {"uv": [0, 0, 1, 1], "texture": "#texture"},
				"up": {"uv": [8.25, 8, 8.5, 8.5], "texture": "#texture"},
				"down": {"uv": [0, 0, 1, 1], "texture": "#texture"}
			}
		},
		{
			"from": [12, 4.6, 7.675],
			"to": [12.25, 4.85, 9.225],
			"rotation": {"angle": 0, "axis": "y", "origin": [0, 0.1, 0.2]},
			"faces": {
				"north": {"uv": [7.5, 8.25, 7.75, 8.5], "texture": "#texture"},
				"east": {"uv": [7.5, 8.25, 8, 8.5], "texture": "#texture"},
				"south": {"uv": [8.25, 8.25, 8.5, 8.5], "texture": "#texture"},
				"west": {"uv": [0, 0, 1, 1], "texture": "#texture"},
				"up": {"uv": [8.25, 8, 8.5, 8.5], "texture": "#texture"},
				"down": {"uv": [0, 0, 1, 1], "texture": "#texture"}
			}
		},
		{
			"from": [8.1, 8.6, 8.1],
			"to": [8.35, 8.85, 8.8],
			"rotation": {"angle": 0, "axis": "y", "origin": [-0.25, 0.1, 0.2]},
			"faces": {
				"north": {"uv": [7.5, 8.25, 7.75, 8.5], "texture": "#texture"},
				"east": {"uv": [7.5, 8.25, 8, 8.5], "texture": "#texture"},
				"south": {"uv": [8.25, 8.25, 8.5, 8.5], "texture": "#texture"},
				"west": {"uv": [0, 0, 1, 1], "texture": "#texture"},
				"up": {"uv": [8.25, 8, 8.5, 8.5], "texture": "#texture"},
				"down": {"uv": [0, 0, 1, 1], "texture": "#texture"}
			}
		},
		{
			"from": [9.75, 7.55, 8.1],
			"to": [10, 7.8, 8.8],
			"rotation": {"angle": 0, "axis": "y", "origin": [-0.25, 0.1, 0.2]},
			"faces": {
				"north": {"uv": [6.5, 7.25, 6.75, 7.5], "texture": "#texture"},
				"east": {"uv": [7.5, 8.25, 8, 8.5], "texture": "#texture"},
				"south": {"uv": [9.25, 8.25, 9.5, 8.5], "texture": "#texture"},
				"west": {"uv": [0, 0, 1, 1], "texture": "#texture"},
				"up": {"uv": [8.25, 8, 8.5, 8.5], "texture": "#texture"},
				"down": {"uv": [0, 0, 1, 1], "texture": "#texture"}
			}
		},
		{
			"from": [9.75, 8.6, 7.875],
			"to": [10, 8.825, 9.025],
			"rotation": {"angle": 0, "axis": "y", "origin": [-0.25, 0.1, 0.2]},
			"faces": {
				"north": {"uv": [6.5, 7.25, 6.75, 7.5], "texture": "#texture"},
				"east": {"uv": [7.5, 8.25, 8, 8.5], "texture": "#texture"},
				"south": {"uv": [8.25, 7.25, 8.5, 7.5], "texture": "#texture"},
				"west": {"uv": [0, 0, 1, 1], "texture": "#texture"},
				"up": {"uv": [8.25, 8, 8.5, 8.5], "texture": "#texture"},
				"down": {"uv": [0, 0, 1, 1], "texture": "#texture"}
			}
		},
		{
			"from": [12.425, 8.3, 7.875],
			"to": [13.25, 8.75, 9.025],
			"rotation": {"angle": 0, "axis": "y", "origin": [0, -0.25, 0.2]},
			"faces": {
				"north": {"uv": [2.75, 7.25, 5.5, 7.5], "texture": "#texture"},
				"east": {"uv": [7.25, 7.25, 8.25, 7.5], "texture": "#texture"},
				"south": {"uv": [10.5, 7.25, 13.25, 7.5], "texture": "#texture"},
				"down": {"uv": [5.5, 8.75, 2.75, 7.75], "texture": "#texture"}
			}
		},
		{
			"from": [10.25, 6.75, 7.875],
			"to": [10.5, 8.75, 9.025],
			"rotation": {"angle": 0, "axis": "y", "origin": [0, -0.25, 0.2]},
			"faces": {
				"north": {"uv": [5.5, 7.25, 5.75, 9.25], "texture": "#texture"},
				"east": {"uv": [7.25, 7.25, 8.25, 9.25], "texture": "#texture"},
				"south": {"uv": [10.25, 7.25, 10.5, 9.25], "texture": "#texture"},
				"west": {"uv": [7.75, 7.25, 8.75, 9.25], "texture": "#texture"},
				"down": {"uv": [5.75, 8.75, 5.5, 7.75], "texture": "#texture"}
			}
		},
		{
			"from": [10, 7.25, 7.875],
			"to": [10.25, 9, 9.025],
			"rotation": {"angle": 0, "axis": "y", "origin": [0, -0.25, 0.2]},
			"faces": {
				"north": {"uv": [5.5, 7.25, 5.75, 9.25], "texture": "#texture"},
				"east": {"uv": [7.25, 7.25, 8.25, 9.25], "texture": "#texture"},
				"south": {"uv": [10.25, 7.25, 10.5, 9.25], "texture": "#texture"},
				"west": {"uv": [7.75, 7.25, 8.75, 9.25], "texture": "#texture"},
				"down": {"uv": [5.75, 8.75, 5.5, 7.75], "texture": "#texture"}
			}
		},
		{
			"from": [10.5, 5.175, 7.875],
			"to": [13.175, 7.25, 9.025],
			"rotation": {"angle": 0, "axis": "y", "origin": [0, -0.25, 0.2]},
			"faces": {
				"north": {"uv": [2.75, 9.25, 5.5, 9.75], "texture": "#texture"},
				"east": {"uv": [7.25, 9.25, 8.25, 9.75], "texture": "#texture"},
				"south": {"uv": [10.5, 9.25, 13.25, 9.75], "texture": "#texture"},
				"west": {"uv": [7.75, 9.25, 8.75, 9.75], "texture": "#texture"},
				"up": {"uv": [10.5, 7.75, 13.25, 8.75], "texture": "#texture"},
				"down": {"uv": [5.5, 8.75, 2.75, 7.75], "texture": "#texture"}
			}
		},
		{
			"from": [12.975, 10.325, 8.2],
			"to": [13.975, 10.575, 8.7],
			"rotation": {"angle": 22.5, "axis": "z", "origin": [12.75, 10.25, 8.2]},
			"faces": {
				"north": {"uv": [6.5, 8.75, 7.75, 9.25], "texture": "#texture"},
				"east": {"uv": [7.25, 10.75, 8.25, 11.25], "texture": "#texture"},
				"south": {"uv": [10.25, 8.75, 11.5, 9.25], "texture": "#texture"},
				"up": {"uv": [14.25, 7.75, 15.5, 8.75], "texture": "#texture"},
				"down": {"uv": [1.75, 8.75, 0.5, 7.75], "texture": "#texture"}
			}
		},
		{
			"from": [12.85, 10.2, 8.2],
			"to": [13.6, 10.325, 8.7],
			"rotation": {"angle": 22.5, "axis": "z", "origin": [12.75, 10.25, 8.2]},
			"faces": {
				"north": {"uv": [6.5, 8.75, 7.75, 9], "texture": "#texture"},
				"east": {"uv": [7.25, 10.75, 8.25, 11.25], "texture": "#texture"},
				"south": {"uv": [10.25, 8.75, 11.5, 9], "texture": "#texture"},
				"up": {"uv": [14.25, 7.75, 15.5, 8.75], "texture": "#texture"},
				"down": {"uv": [1.75, 8.75, 0.5, 7.75], "texture": "#texture"}
			}
		},
		{
			"from": [12.3, 8.7, 7.725],
			"to": [13.525, 9.65, 9.175],
			"rotation": {"angle": 0, "axis": "y", "origin": [0, -0.25, 0.2]},
			"faces": {
				"north": {"uv": [3.25, 4.75, 3.5, 6.75], "texture": "#texture"},
				"east": {"uv": [7.25, 4.75, 8.25, 6.75], "texture": "#texture"},
				"south": {"uv": [12.5, 4.75, 12.75, 6.75], "texture": "#texture"},
				"west": {"uv": [7.75, 4.75, 8.75, 6.75], "texture": "#texture"},
				"up": {"uv": [12.5, 7.75, 12.75, 8.75], "texture": "#texture"},
				"down": {"uv": [0, 0, 1, 1], "texture": "#texture"}
			}
		},
		{
			"from": [12.3, 9.55, 7.725],
			"to": [13.3, 10.275, 9.175],
			"rotation": {"angle": 0, "axis": "y", "origin": [0, -0.25, 0.2]},
			"faces": {
				"north": {"uv": [3.25, 4.75, 3.5, 6.75], "texture": "#texture"},
				"east": {"uv": [7.25, 4.75, 8.25, 6.75], "texture": "#texture"},
				"south": {"uv": [12.5, 4.75, 12.75, 6.75], "texture": "#texture"},
				"west": {"uv": [7.75, 4.75, 8.75, 6.75], "texture": "#texture"},
				"up": {"uv": [12.5, 7.75, 12.75, 8.75], "texture": "#texture"}
			}
		},
		{
			"from": [12.3, 10.1, 7.725],
			"to": [13.1, 10.85, 9.175],
			"rotation": {"angle": 0, "axis": "y", "origin": [0, -0.25, 0.2]},
			"faces": {
				"north": {"uv": [3.25, 4.75, 3.5, 6.75], "texture": "#texture"},
				"east": {"uv": [7.25, 4.75, 8.25, 6.75], "texture": "#texture"},
				"south": {"uv": [12.5, 4.75, 12.75, 6.75], "texture": "#texture"},
				"west": {"uv": [16, 11, 15, 12], "texture": "#texture"},
				"up": {"uv": [12.5, 7.75, 12.75, 8.75], "texture": "#texture"}
			}
		},
		{
			"from": [10.5, 8, 7.875],
			"to": [13, 8.3, 9.025],
			"rotation": {"angle": 0, "axis": "y", "origin": [0, -0.25, 0.2]},
			"faces": {
				"north": {"uv": [3, 7.5, 5.5, 7.75], "texture": "#texture"},
				"east": {"uv": [7.25, 7.5, 8.25, 7.75], "texture": "#texture"},
				"south": {"uv": [10.5, 7.5, 13, 7.75], "texture": "#texture"},
				"west": {"uv": [0, 0, 1, 1], "texture": "#texture"},
				"up": {"uv": [0, 0, 1, 1], "texture": "#texture"},
				"down": {"uv": [0, 0, 1, 1], "texture": "#texture"}
			}
		},
		{
			"from": [10.5, 7.25, 7.875],
			"to": [12.95, 8, 9.025],
			"rotation": {"angle": 0, "axis": "y", "origin": [0, -0.25, 0.2]},
			"faces": {
				"north": {"uv": [3, 7.75, 5.5, 8.5], "texture": "#texture"},
				"east": {"uv": [7.25, 7.75, 8.25, 8.5], "texture": "#texture"},
				"south": {"uv": [10.5, 7.75, 13, 8.5], "texture": "#texture"}
			}
		},
		{
			"from": [10.75, 5.65, 7.7],
			"to": [12.75, 8, 9.2],
			"rotation": {"angle": 0, "axis": "y", "origin": [0, -0.25, 0.2]},
			"faces": {
				"north": {"uv": [6.5, 0, 8.5, 4], "texture": "#dark wood blade"},
				"east": {"uv": [7.25, 0, 8.25, 4], "texture": "#dark wood blade"},
				"south": {"uv": [7.5, 0, 9.5, 4], "texture": "#dark wood blade"},
				"west": {"uv": [7.75, 0, 8.75, 4], "texture": "#dark wood blade"},
				"up": {"uv": [7.5, 7.75, 9.5, 8.75], "texture": "#dark wood blade"},
				"down": {"uv": [8.5, 8.75, 6.5, 7.75], "texture": "#dark wood blade"}
			}
		},
		{
			"from": [11, 4.15, 7.7],
			"to": [13, 6.75, 9.2],
			"rotation": {"angle": 0, "axis": "y", "origin": [0, -0.25, 0.2]},
			"faces": {
				"north": {"uv": [3, 9.5, 4.75, 11.75], "texture": "#dark wood blade"},
				"east": {"uv": [7, 9.5, 8.5, 11.75], "texture": "#dark wood blade"},
				"south": {"uv": [11.25, 9.5, 13, 11.75], "texture": "#dark wood blade"},
				"west": {"uv": [7.5, 9.5, 9, 11.75], "texture": "#dark wood blade"},
				"up": {"uv": [11.25, 7.5, 13, 9], "texture": "#dark wood blade"},
				"down": {"uv": [4.75, 9, 3, 7.5], "texture": "#dark wood blade"}
			}
		},
		{
			"from": [9.9, 7.525, 8.25],
			"to": [10.65, 9.025, 8.65],
			"rotation": {"angle": -22.5, "axis": "z", "origin": [9.75, 8.975, 8.2]},
			"faces": {
				"north": {"uv": [16, 11, 15, 10], "texture": "#texture"},
				"east": {"uv": [16, 11, 15, 10], "texture": "#texture"},
				"south": {"uv": [16, 11, 15, 10], "texture": "#texture"},
				"west": {"uv": [16, 11, 15, 10], "texture": "#texture"},
				"down": {"uv": [15, 10, 16, 11], "texture": "#texture"}
			}
		},
		{
			"from": [10.75, 3.75, 7.875],
			"to": [12.35, 5.25, 9.025],
			"rotation": {"angle": 0, "axis": "y", "origin": [0, -0.25, 0.2]},
			"faces": {
				"north": {"uv": [2.75, 9.75, 5.25, 12], "texture": "#texture"},
				"east": {"uv": [7.25, 9.75, 8.25, 12], "texture": "#texture"},
				"south": {"uv": [10.75, 9.75, 13.25, 12], "texture": "#texture"},
				"west": {"uv": [7.75, 9.75, 8.75, 12], "texture": "#texture"},
				"down": {"uv": [5.25, 8.75, 2.75, 7.75], "texture": "#texture"}
			}
		},
		{
			"from": [11.9, 11.2, 8.075],
			"to": [12.2, 11.45, 8.325],
			"rotation": {"angle": 0, "axis": "y", "origin": [0, -0.25, 0.2]},
			"faces": {
				"north": {"uv": [3.75, 4, 4.75, 4.25], "texture": "#texture"},
				"east": {"uv": [8, 4, 8.25, 4.25], "texture": "#texture"},
				"south": {"uv": [11.25, 4, 12.25, 4.25], "texture": "#texture"},
				"west": {"uv": [7.75, 4, 8, 4.25], "texture": "#texture"},
				"up": {"uv": [11.25, 7.75, 12.25, 8], "texture": "#texture"}
			}
		},
		{
			"from": [11.9, 11.2, 8.575],
			"to": [12.2, 11.45, 8.825],
			"rotation": {"angle": 0, "axis": "y", "origin": [0, -0.25, 0.2]},
			"faces": {
				"north": {"uv": [3.75, 4, 4.75, 4.25], "texture": "#texture"},
				"east": {"uv": [7.25, 4, 7.5, 4.25], "texture": "#texture"},
				"south": {"uv": [11.25, 4, 12.25, 4.25], "texture": "#texture"},
				"west": {"uv": [8.5, 4, 8.75, 4.25], "texture": "#texture"},
				"up": {"uv": [11.25, 8.5, 12.25, 8.75], "texture": "#texture"}
			}
		},
		{
			"from": [12.5, 8.975, 7.9],
			"to": [14.225, 9.225, 9],
			"rotation": {"angle": 0, "axis": "y", "origin": [0, -0.25, 0.2]},
			"faces": {
				"north": {"uv": [2, 6.75, 3.5, 7], "texture": "#texture"},
				"east": {"uv": [7.25, 6.75, 8.25, 7], "texture": "#texture"},
				"south": {"uv": [12.5, 6.75, 14, 7], "texture": "#texture"},
				"up": {"uv": [12.5, 7.75, 14, 8.75], "texture": "#texture"},
				"down": {"uv": [3.5, 8.75, 2, 7.75], "texture": "#texture"}
			}
		},
		{
			"from": [13.175, 5.25, 7.875],
			"to": [13.4, 6.25, 9.025],
			"rotation": {"angle": 0, "axis": "y", "origin": [0, -0.25, 0.2]},
			"faces": {
				"north": {"uv": [3, 8.5, 4, 9.25], "texture": "#texture"},
				"east": {"uv": [7.25, 8.5, 8.25, 9.25], "texture": "#texture"},
				"south": {"uv": [11.5, 8.5, 13, 9.25], "texture": "#texture"},
				"up": {"uv": [5, 8, 6, 9], "texture": "#texture"}
			}
		},
		{
			"from": [12.35, 4, 7.875],
			"to": [13.625, 5.25, 9.025],
			"rotation": {"angle": 0, "axis": "y", "origin": [0, -0.25, 0.2]},
			"faces": {
				"north": {"uv": [2.75, 9.75, 5.25, 12], "texture": "#texture"},
				"east": {"uv": [7.25, 9.75, 8.25, 12], "texture": "#texture"},
				"south": {"uv": [10.75, 9.75, 13.25, 12], "texture": "#texture"},
				"west": {"uv": [7.75, 9.75, 8.75, 12], "texture": "#texture"},
				"up": {"uv": [0, 0, 1, 1], "texture": "#texture"},
				"down": {"uv": [5.25, 8.75, 2.75, 7.75], "texture": "#texture"}
			}
		},
		{
			"from": [10.5, 7.25, 7.7],
			"to": [10.75, 9.25, 9.2],
			"rotation": {"angle": 0, "axis": "y", "origin": [0, -0.25, 0.2]},
			"faces": {
				"north": {"uv": [3, 9.5, 4.75, 11.75], "texture": "#dark wood blade"},
				"east": {"uv": [7, 9.5, 8.5, 11.75], "texture": "#dark wood blade"},
				"south": {"uv": [11.25, 9.5, 13, 11.75], "texture": "#dark wood blade"},
				"west": {"uv": [7.5, 9.5, 9, 11.75], "texture": "#dark wood blade"},
				"up": {"uv": [11.25, 7.5, 13, 9], "texture": "#dark wood blade"},
				"down": {"uv": [4.75, 9, 3, 7.5], "texture": "#dark wood blade"}
			}
		},
		{
			"from": [13, 4.15, 7.7],
			"to": [13.25, 5.25, 9.2],
			"rotation": {"angle": 0, "axis": "y", "origin": [0, -0.25, 0.2]},
			"faces": {
				"north": {"uv": [3, 9.5, 4.75, 11.75], "texture": "#dark wood blade"},
				"east": {"uv": [7, 9.5, 8.5, 11.75], "texture": "#dark wood blade"},
				"south": {"uv": [11.25, 9.5, 13, 11.75], "texture": "#dark wood blade"},
				"west": {"uv": [7.5, 9.5, 9, 11.75], "texture": "#dark wood blade"},
				"up": {"uv": [11.25, 7.5, 13, 9], "texture": "#dark wood blade"},
				"down": {"uv": [4.75, 9, 3, 7.5], "texture": "#dark wood blade"}
			}
		},
		{
			"from": [8.225, 10.775, 8.95],
			"to": [9.525, 11.025, 9.125],
			"rotation": {"angle": 0, "axis": "y", "origin": [0, -0.25, 0.2]},
			"faces": {
				"south": {"uv": [7, 4.5, 9, 4.75], "texture": "#texture"},
				"up": {"uv": [7, 8.75, 9, 9], "texture": "#texture"}
			}
		},
		{
			"from": [8.225, 10.775, 8.7],
			"to": [9.775, 11.225, 8.95],
			"rotation": {"angle": 0, "axis": "y", "origin": [0, -0.25, 0.2]},
			"faces": {
				"north": {"uv": [0, 0, 1, 1], "texture": "#texture"},
				"east": {"uv": [0, 0, 1, 1], "texture": "#texture"},
				"south": {"uv": [7, 4.5, 9, 4.75], "texture": "#texture"},
				"west": {"uv": [0, 0, 1, 1], "texture": "#texture"},
				"up": {"uv": [7, 8.75, 9, 9], "texture": "#texture"},
				"down": {"uv": [0, 0, 1, 1], "texture": "#texture"}
			}
		},
		{
			"from": [10.25, 8.75, 7.875],
			"to": [12.5, 9, 9.025],
			"rotation": {"angle": 0, "axis": "y", "origin": [0, -0.25, 0.2]},
			"faces": {
				"north": {"uv": [3.5, 6.75, 9, 7], "texture": "#texture"},
				"east": {"uv": [7, 6.75, 8.5, 7], "texture": "#texture"},
				"south": {"uv": [7, 6.75, 12.5, 7], "texture": "#texture"},
				"west": {"uv": [7.5, 6.75, 9, 7], "texture": "#texture"},
				"down": {"uv": [9, 9, 3.5, 7.5], "texture": "#texture"}
			}
		},
		{
			"from": [7.75, 8.825, 7.875],
			"to": [10, 9, 9.025],
			"rotation": {"angle": 0, "axis": "y", "origin": [0, 0.1, 0.2]},
			"faces": {
				"north": {"uv": [2.5, 7, 8.5, 7.25], "texture": "#texture"},
				"east": {"uv": [7.25, 7, 8.25, 7.25], "texture": "#texture"},
				"south": {"uv": [7.5, 7, 13.5, 7.25], "texture": "#texture"},
				"west": {"uv": [7.75, 7, 8.75, 7.25], "texture": "#texture"},
				"up": {"uv": [7.5, 7.75, 13.5, 8.75], "texture": "#texture"},
				"down": {"uv": [8.5, 8.75, 2.5, 7.75], "texture": "#texture"}
			}
		},
		{
			"from": [11.75, 8.75, 7.825],
			"to": [13.775, 9.4, 9.075],
			"rotation": {"angle": 0, "axis": "y", "origin": [0, 0, 0.2]},
			"faces": {
				"north": {"uv": [2.5, 7, 8.5, 7.25], "texture": "#texture"},
				"east": {"uv": [7.25, 7, 8.25, 7.25], "texture": "#texture"},
				"south": {"uv": [7.5, 7, 13.5, 7.25], "texture": "#texture"},
				"west": {"uv": [7.75, 7, 8.75, 7.25], "texture": "#texture"},
				"up": {"uv": [7.5, 7.75, 13.5, 8.75], "texture": "#texture"},
				"down": {"uv": [8.5, 8.75, 2.5, 7.75], "texture": "#texture"}
			}
		},
		{
			"from": [9.3, 7.475, 8.25],
			"to": [10.3, 8.975, 8.65],
			"rotation": {"angle": 22.5, "axis": "z", "origin": [9.75, 8.975, 8.2]},
			"faces": {
				"north": {"uv": [16, 11, 15, 10], "texture": "#texture"},
				"east": {"uv": [16, 11, 15, 10], "texture": "#texture"},
				"south": {"uv": [16, 11, 15, 10], "texture": "#texture"},
				"west": {"uv": [16, 11, 15, 10], "texture": "#texture"},
				"down": {"uv": [15, 10, 16, 11], "texture": "#texture"}
			}
		},
		{
			"from": [10.75, 8, 7.7],
			"to": [12.45, 9.25, 9.2],
			"rotation": {"angle": 0, "axis": "y", "origin": [0, -0.25, 0.2]},
			"faces": {
				"north": {"uv": [3, 9.5, 4.75, 11.75], "texture": "#dark wood blade"},
				"east": {"uv": [7, 9.5, 8.5, 11.75], "texture": "#dark wood blade"},
				"south": {"uv": [11.25, 9.5, 13, 11.75], "texture": "#dark wood blade"},
				"west": {"uv": [7.5, 9.5, 9, 11.75], "texture": "#dark wood blade"},
				"up": {"uv": [11.25, 7.5, 13, 9], "texture": "#dark wood blade"},
				"down": {"uv": [4.75, 9, 3, 7.5], "texture": "#dark wood blade"}
			}
		},
		{
			"from": [11, 3.9, 7.7],
			"to": [12.15, 4.15, 9.2],
			"rotation": {"angle": 0, "axis": "y", "origin": [0, -0.25, 0.2]},
			"faces": {
				"north": {"uv": [3, 9.5, 4.75, 11.75], "texture": "#dark wood blade"},
				"east": {"uv": [7, 9.5, 8.5, 11.75], "texture": "#dark wood blade"},
				"south": {"uv": [11.25, 9.5, 13, 11.75], "texture": "#dark wood blade"},
				"west": {"uv": [7.5, 9.5, 9, 11.75], "texture": "#dark wood blade"},
				"up": {"uv": [11.25, 7.5, 13, 9], "texture": "#dark wood blade"},
				"down": {"uv": [4.75, 9, 3, 7.5], "texture": "#dark wood blade"}
			}
		},
		{
			"from": [8.3, 3.8, 6.3],
			"to": [19.3, 7.8, 10.3],
			"rotation": {"angle": 0, "axis": "y", "origin": [0, 0, 0.2]},
			"faces": {
				"north": {"uv": [11, 5, 12, 8], "rotation": 270, "texture": "#3"},
				"east": {"uv": [11, 4, 12, 5], "rotation": 180, "texture": "#3"},
				"south": {"uv": [10, 5, 11, 8], "rotation": 90, "texture": "#3"},
				"west": {"uv": [12, 4, 13, 5], "texture": "#3"},
				"up": {"uv": [12, 5, 13, 8], "rotation": 90, "texture": "#3"},
				"down": {"uv": [13, 5, 14, 8], "rotation": 90, "texture": "#3"}
			}
		}
	],
	"gui_light": "front",
	"display": {
		"thirdperson_righthand": {
			"rotation": [0, -90, 0],
			"translation": [0, -0.5, -1],
			"scale": [0.8, 0.8, 0.78]
		},
		"thirdperson_lefthand": {
			"rotation": [0, 90, 0],
			"translation": [0, -0.5, -1],
			"scale": [0.8, 0.8, 0.78]
		},
		"firstperson_righthand": {
			"rotation": [66, -90, 0],
			"translation": [-0.75, 8.5, 1],
			"scale": [0.78, 0.78, 0.69]
		},
		"firstperson_lefthand": {
			"rotation": [0, 90, 0],
			"translation": [0, 2, -1.75],
			"scale": [0.78, 0.78, 0.69]
		},
		"ground": {
			"translation": [0, 0.25, 0]
		},
		"gui": {
			"rotation": [173.08, 25.97, 149.49],
			"translation": [0.75, 0.75, 0],
			"scale": [1.3, 1.3, 1.3]
		},
		"fixed": {
			"rotation": [0, 180, -45],
			"translation": [1.5, 0.5, 0],
			"scale": [1.12, 1.12, 0.99]
		}
	}
}